timestamp,domain,query_length,max_label_length,label_count,average_label_length,digit_ratio,shannon_entropy,alphabet_distribution,query_rate,unique_subdomain_ratio,average_inter_arrival,inter_arrival_std,inter_arrival_cv,burstiness
1790951358.961303,linkedin.com.,13,8,2,5.5,0.0,3.238901256602631,0.8461538461538461,1.4344934853342335,0.07,0.6985071861672258,0.2901867316730506,0.4154384341631935,-0.4129897505449603
1790951359.722392,wikipedia.org.,14,9,2,6.0,0.0,3.3248629576173574,0.8571428571428571,1.4344934853342335,0.07,0.6985071861672258,0.2901867316730506,0.4154384341631935,-0.4129897505449603
1790951360.357192,wikipedia.org.,14,9,2,6.0,0.0,3.3248629576173574,0.8571428571428571,1.4344934853342335,0.07,0.6985071861672258,0.2901867316730506,0.4154384341631935,-0.4129897505449603
1790951361.164329,google.com.,11,6,2,4.5,0.0,2.663532754804255,0.8181818181818182,1.4344934853342335,0.07,0.6985071861672258,0.2901867316730506,0.4154384341631935,-0.4129897505449603
1790951361.671639,mit.edu.,8,3,2,3.0,0.0,2.75,0.75,1.4344934853342335,0.07,0.6985071861672258,0.2901867316730506,0.4154384341631935,-0.4129897505449603
1790951361.906413,linkedin.com.,13,8,2,5.5,0.0,3.238901256602631,0.8461538461538461,1.4344934853342335,0.07,0.6985071861672258,0.2901867316730506,0.4154384341631935,-0.4129897505449603
1790951362.599767,adobe.com.,10,5,2,4.0,0.0,2.9219280948873623,0.8,1.4344934853342335,0.07,0.6985071861672258,0.2901867316730506,0.4154384341631935,-0.4129897505449603
1790951363.106345,reddit.com.,11,6,2,4.5,0.0,3.095795255000934,0.8181818181818182,1.4344934853342335,0.07,0.6985071861672258,0.2901867316730506,0.4154384341631935,-0.4129897505449603
1790951363.719518,nvidia.com.,11,6,2,4.5,0.0,3.095795255000934,0.8181818181818182,1.4344934853342335,0.07,0.6985071861672258,0.2901867316730506,0.4154384341631935,-0.4129897505449603
1790951364.639076,microsoft.com.,14,9,2,6.0,0.0,3.039148671903071,0.8571428571428571,1.4344934853342335,0.07,0.6985071861672258,0.2901867316730506,0.4154384341631935,-0.4129897505449603
1790951365.383549,npmjs.com.,10,5,2,4.0,0.0,2.9219280948873623,0.8,1.4344934853342335,0.07,0.6985071861672258,0.2901867316730506,0.4154384341631935,-0.4129897505449603
1790951366.537074,gitlab.com.,11,6,2,4.5,0.0,3.277613436819116,0.8181818181818182,1.4344934853342335,0.07,0.6985071861672258,0.2901867316730506,0.4154384341631935,-0.4129897505449603
1790951367.594478,pypi.org.,9,4,2,3.5,0.0,2.725480556997868,0.7777777777777778,1.4344934853342335,0.07,0.6985071861672258,0.2901867316730506,0.4154384341631935,-0.4129897505449603
1790951368.066507,linkedin.com.,13,8,2,5.5,0.0,3.238901256602631,0.8461538461538461,1.4344934853342335,0.07,0.6985071861672258,0.2901867316730506,0.4154384341631935,-0.4129897505449603
1790951368.859832,npmjs.com.,10,5,2,4.0,0.0,2.9219280948873623,0.8,1.4344934853342335,0.07,0.6985071861672258,0.2901867316730506,0.4154384341631935,-0.4129897505449603
1790951369.524901,apache.org.,11,6,2,4.5,0.0,3.0957952550009344,0.8181818181818182,1.4344934853342335,0.07,0.6985071861672258,0.2901867316730506,0.4154384341631935,-0.4129897505449603
1790951369.910172,google.com.,11,6,2,4.5,0.0,2.663532754804255,0.8181818181818182,1.4344934853342335,0.07,0.6985071861672258,0.2901867316730506,0.4154384341631935,-0.4129897505449603
1790951370.301883,zoom.us.,8,4,2,3.0,0.0,2.5,0.75,1.4344934853342335,0.07,0.6985071861672258,0.2901867316730506,0.4154384341631935,-0.4129897505449603
1790951370.596419,slack.com.,10,5,2,4.0,0.0,2.9219280948873623,0.8,1.4344934853342335,0.07,0.6985071861672258,0.2901867316730506,0.4154384341631935,-0.4129897505449603
1790951370.924793,apache.org.,11,6,2,4.5,0.0,3.0957952550009344,0.8181818181818182,1.4344934853342335,0.07,0.6985071861672258,0.2901867316730506,0.4154384341631935,-0.4129897505449603
1790951371.368241,kubernetes.io.,14,10,2,6.0,0.0,3.3248629576173574,0.8571428571428571,1.4344934853342335,0.07,0.6985071861672258,0.2901867316730506,0.4154384341631935,-0.4129897505449603
1790951372.409082,debian.org.,11,6,2,4.5,0.0,3.277613436819116,0.8181818181818182,1.4344934853342335,0.07,0.6985071861672258,0.2901867316730506,0.4154384341631935,-0.4129897505449603
1790951373.160179,stackoverflow.com.,18,13,2,8.0,0.0,3.6835423624332306,0.8888888888888888,1.4344934853342335,0.07,0.6985071861672258,0.2901867316730506,0.4154384341631935,-0.4129897505449603
1790951374.203374,kernel.org.,11,6,2,4.5,0.0,2.9139770731827523,0.8181818181818182,1.4344934853342335,0.07,0.6985071861672258,0.2901867316730506,0.4154384341631935,-0.4129897505449603
1790951375.292793,npmjs.com.,10,5,2,4.0,0.0,2.9219280948873623,0.8,1.4344934853342335,0.07,0.6985071861672258,0.2901867316730506,0.4154384341631935,-0.4129897505449603
1790951376.189413,kubernetes.io.,14,10,2,6.0,0.0,3.3248629576173574,0.8571428571428571,1.4344934853342335,0.07,0.6985071861672258,0.2901867316730506,0.4154384341631935,-0.4129897505449603
1790951376.420632,youtube.com.,12,7,2,5.0,0.0,3.084962500721156,0.8333333333333334,1.4344934853342335,0.07,0.6985071861672258,0.2901867316730506,0.4154384341631935,-0.4129897505449603
1790951377.414476,ietf.org.,9,4,2,3.5,0.0,2.94770277922009,0.7777777777777778,1.4344934853342335,0.07,0.6985071861672258,0.2901867316730506,0.4154384341631935,-0.4129897505449603
1790951378.462545,apache.org.,11,6,2,4.5,0.0,3.0957952550009344,0.8181818181818182,1.4344934853342335,0.07,0.6985071861672258,0.2901867316730506,0.4154384341631935,-0.4129897505449603
1790951379.019527,kubernetes.io.,14,10,2,6.0,0.0,3.3248629576173574,0.8571428571428571,1.4344934853342335,0.07,0.6985071861672258,0.2901867316730506,0.4154384341631935,-0.4129897505449603
1790951379.564978,apache.org.,11,6,2,4.5,0.0,3.0957952550009344,0.8181818181818182,1.4344934853342335,0.07,0.6985071861672258,0.2901867316730506,0.4154384341631935,-0.4129897505449603
1790951379.882686,amd.com.,8,3,2,3.0,0.0,2.5,0.75,1.4344934853342335,0.07,0.6985071861672258,0.2901867316730506,0.4154384341631935,-0.4129897505449603
1790951381.057539,zoom.us.,8,4,2,3.0,0.0,2.5,0.75,1.4344934853342335,0.07,0.6985071861672258,0.2901867316730506,0.4154384341631935,-0.4129897505449603
1790951381.93478,kubernetes.io.,14,10,2,6.0,0.0,3.3248629576173574,0.8571428571428571,1.4344934853342335,0.07,0.6985071861672258,0.2901867316730506,0.4154384341631935,-0.4129897505449603
1790951382.852418,kernel.org.,11,6,2,4.5,0.0,2.9139770731827523,0.8181818181818182,1.4344934853342335,0.07,0.6985071861672258,0.2901867316730506,0.4154384341631935,-0.4129897505449603
1790951383.414979,kubernetes.io.,14,10,2,6.0,0.0,3.3248629576173574,0.8571428571428571,1.4344934853342335,0.07,0.6985071861672258,0.2901867316730506,0.4154384341631935,-0.4129897505449603
1790951383.984181,ibm.com.,8,3,2,3.0,0.0,2.5,0.75,1.4344934853342335,0.07,0.6985071861672258,0.2901867316730506,0.4154384341631935,-0.4129897505449603
1790951385.104543,google.com.,11,6,2,4.5,0.0,2.663532754804255,0.8181818181818182,1.4344934853342335,0.07,0.6985071861672258,0.2901867316730506,0.4154384341631935,-0.4129897505449603
1790951386.243796,adobe.com.,10,5,2,4.0,0.0,2.9219280948873623,0.8,1.4344934853342335,0.07,0.6985071861672258,0.2901867316730506,0.4154384341631935,-0.4129897505449603
1790951387.070358,example.com.,12,7,2,5.0,0.0,3.084962500721156,0.8333333333333334,1.4344934853342335,0.07,0.6985071861672258,0.2901867316730506,0.4154384341631935,-0.4129897505449603
1790951388.119295,wikipedia.org.,14,9,2,6.0,0.0,3.3248629576173574,0.8571428571428571,1.4344934853342335,0.07,0.6985071861672258,0.2901867316730506,0.4154384341631935,-0.4129897505449603
1790951388.700354,intel.com.,10,5,2,4.0,0.0,3.121928094887362,0.8,1.4344934853342335,0.07,0.6985071861672258,0.2901867316730506,0.4154384341631935,-0.4129897505449603
1790951389.714517,oracle.com.,11,6,2,4.5,0.0,2.9139770731827523,0.8181818181818182,1.4344934853342335,0.07,0.6985071861672258,0.2901867316730506,0.4154384341631935,-0.4129897505449603
1790951389.982506,ubuntu.com.,11,6,2,4.5,0.0,2.8453509366224368,0.8181818181818182,1.4344934853342335,0.07,0.6985071861672258,0.2901867316730506,0.4154384341631935,-0.4129897505449603
1790951391.052515,wikipedia.org.,14,9,2,6.0,0.0,3.3248629576173574,0.8571428571428571,1.4344934853342335,0.07,0.6985071861672258,0.2901867316730506,0.4154384341631935,-0.4129897505449603
1790951392.011386,nginx.org.,10,5,2,4.0,0.0,2.721928094887362,0.8,1.4344934853342335,0.07,0.6985071861672258,0.2901867316730506,0.4154384341631935,-0.4129897505449603
1790951392.938617,linkedin.com.,13,8,2,5.5,0.0,3.238901256602631,0.8461538461538461,1.4344934853342335,0.07,0.6985071861672258,0.2901867316730506,0.4154384341631935,-0.4129897505449603
1790951393.405451,apache.org.,11,6,2,4.5,0.0,3.0957952550009344,0.8181818181818182,1.4344934853342335,0.07,0.6985071861672258,0.2901867316730506,0.4154384341631935,-0.4129897505449603
1790951393.628133,oracle.com.,11,6,2,4.5,0.0,2.9139770731827523,0.8181818181818182,1.4344934853342335,0.07,0.6985071861672258,0.2901867316730506,0.4154384341631935,-0.4129897505449603
1790951394.362194,reddit.com.,11,6,2,4.5,0.0,3.095795255000934,0.8181818181818182,1.4344934853342335,0.07,0.6985071861672258,0.2901867316730506,0.4154384341631935,-0.4129897505449603
1790951394.890155,npmjs.com.,10,5,2,4.0,0.0,2.9219280948873623,0.8,1.4344934853342335,0.07,0.6985071861672258,0.2901867316730506,0.4154384341631935,-0.4129897505449603
1790951395.105168,example.com.,12,7,2,5.0,0.0,3.084962500721156,0.8333333333333334,1.4344934853342335,0.07,0.6985071861672258,0.2901867316730506,0.4154384341631935,-0.4129897505449603
1790951396.265306,npmjs.com.,10,5,2,4.0,0.0,2.9219280948873623,0.8,1.4344934853342335,0.07,0.6985071861672258,0.2901867316730506,0.4154384341631935,-0.4129897505449603
1790951396.741005,kernel.org.,11,6,2,4.5,0.0,2.9139770731827523,0.8181818181818182,1.4344934853342335,0.07,0.6985071861672258,0.2901867316730506,0.4154384341631935,-0.4129897505449603
1790951397.515416,kernel.org.,11,6,2,4.5,0.0,2.9139770731827523,0.8181818181818182,1.4344934853342335,0.07,0.6985071861672258,0.2901867316730506,0.4154384341631935,-0.4129897505449603
1790951398.50635,reddit.com.,11,6,2,4.5,0.0,3.095795255000934,0.8181818181818182,1.4344934853342335,0.07,0.6985071861672258,0.2901867316730506,0.4154384341631935,-0.4129897505449603
1790951399.033798,apache.org.,11,6,2,4.5,0.0,3.0957952550009344,0.8181818181818182,1.4344934853342335,0.07,0.6985071861672258,0.2901867316730506,0.4154384341631935,-0.4129897505449603
1790951399.903205,amd.com.,8,3,2,3.0,0.0,2.5,0.75,1.4344934853342335,0.07,0.6985071861672258,0.2901867316730506,0.4154384341631935,-0.4129897505449603
1790951400.966167,google.com.,11,6,2,4.5,0.0,2.663532754804255,0.8181818181818182,1.4344934853342335,0.07,0.6985071861672258,0.2901867316730506,0.4154384341631935,-0.4129897505449603
1790951401.819875,ietf.org.,9,4,2,3.5,0.0,2.94770277922009,0.7777777777777778,1.4344934853342335,0.07,0.6985071861672258,0.2901867316730506,0.4154384341631935,-0.4129897505449603
1790951402.129016,kernel.org.,11,6,2,4.5,0.0,2.9139770731827523,0.8181818181818182,1.4344934853342335,0.07,0.6985071861672258,0.2901867316730506,0.4154384341631935,-0.4129897505449603
1790951402.614788,stanford.edu.,13,8,2,5.5,0.0,3.392747410448785,0.8461538461538461,1.4344934853342335,0.07,0.6985071861672258,0.2901867316730506,0.4154384341631935,-0.4129897505449603
1790951403.253875,mozilla.org.,12,7,2,5.0,0.0,3.084962500721156,0.8333333333333334,1.4344934853342335,0.07,0.6985071861672258,0.2901867316730506,0.4154384341631935,-0.4129897505449603
1790951404.402509,google.com.,11,6,2,4.5,0.0,2.663532754804255,0.8181818181818182,1.4344934853342335,0.07,0.6985071861672258,0.2901867316730506,0.4154384341631935,-0.4129897505449603
1790951405.18916,discord.com.,12,7,2,5.0,0.0,2.918295834054489,0.8333333333333334,1.4344934853342335,0.07,0.6985071861672258,0.2901867316730506,0.4154384341631935,-0.4129897505449603
1790951406.083306,kubernetes.io.,14,10,2,6.0,0.0,3.3248629576173574,0.8571428571428571,1.4344934853342335,0.07,0.6985071861672258,0.2901867316730506,0.4154384341631935,-0.4129897505449603
1790951407.115357,stanford.edu.,13,8,2,5.5,0.0,3.392747410448785,0.8461538461538461,1.4344934853342335,0.07,0.6985071861672258,0.2901867316730506,0.4154384341631935,-0.4129897505449603
1790951408.180289,zoom.us.,8,4,2,3.0,0.0,2.5,0.75,1.4344934853342335,0.07,0.6985071861672258,0.2901867316730506,0.4154384341631935,-0.4129897505449603
1790951408.565436,intel.com.,10,5,2,4.0,0.0,3.121928094887362,0.8,1.4344934853342335,0.07,0.6985071861672258,0.2901867316730506,0.4154384341631935,-0.4129897505449603
1790951409.730832,ibm.com.,8,3,2,3.0,0.0,2.5,0.75,1.4344934853342335,0.07,0.6985071861672258,0.2901867316730506,0.4154384341631935,-0.4129897505449603
1790951410.162328,gitlab.com.,11,6,2,4.5,0.0,3.277613436819116,0.8181818181818182,1.4344934853342335,0.07,0.6985071861672258,0.2901867316730506,0.4154384341631935,-0.4129897505449603
1790951411.231631,slack.com.,10,5,2,4.0,0.0,2.9219280948873623,0.8,1.4344934853342335,0.07,0.6985071861672258,0.2901867316730506,0.4154384341631935,-0.4129897505449603
1790951411.624173,docker.com.,11,6,2,4.5,0.0,2.9139770731827523,0.8181818181818182,1.4344934853342335,0.07,0.6985071861672258,0.2901867316730506,0.4154384341631935,-0.4129897505449603
1790951412.609544,npmjs.com.,10,5,2,4.0,0.0,2.9219280948873623,0.8,1.4344934853342335,0.07,0.6985071861672258,0.2901867316730506,0.4154384341631935,-0.4129897505449603
1790951413.315079,cloudflare.com.,15,10,2,6.5,0.0,3.3735572622751855,0.8666666666666667,1.4344934853342335,0.07,0.6985071861672258,0.2901867316730506,0.4154384341631935,-0.4129897505449603
1790951413.992354,ietf.org.,9,4,2,3.5,0.0,2.94770277922009,0.7777777777777778,1.4344934853342335,0.07,0.6985071861672258,0.2901867316730506,0.4154384341631935,-0.4129897505449603
1790951414.317556,apache.org.,11,6,2,4.5,0.0,3.0957952550009344,0.8181818181818182,1.4344934853342335,0.07,0.6985071861672258,0.2901867316730506,0.4154384341631935,-0.4129897505449603
1790951414.863078,pypi.org.,9,4,2,3.5,0.0,2.725480556997868,0.7777777777777778,1.4344934853342335,0.07,0.6985071861672258,0.2901867316730506,0.4154384341631935,-0.4129897505449603
1790951415.306718,google.com.,11,6,2,4.5,0.0,2.663532754804255,0.8181818181818182,1.4344934853342335,0.07,0.6985071861672258,0.2901867316730506,0.4154384341631935,-0.4129897505449603
1790951415.733955,microsoft.com.,14,9,2,6.0,0.0,3.039148671903071,0.8571428571428571,1.4344934853342335,0.07,0.6985071861672258,0.2901867316730506,0.4154384341631935,-0.4129897505449603
1790951416.032083,nvidia.com.,11,6,2,4.5,0.0,3.095795255000934,0.8181818181818182,1.4344934853342335,0.07,0.6985071861672258,0.2901867316730506,0.4154384341631935,-0.4129897505449603
1790951416.988011,npmjs.com.,10,5,2,4.0,0.0,2.9219280948873623,0.8,1.4344934853342335,0.07,0.6985071861672258,0.2901867316730506,0.4154384341631935,-0.4129897505449603
1790951417.310373,slack.com.,10,5,2,4.0,0.0,2.9219280948873623,0.8,1.4344934853342335,0.07,0.6985071861672258,0.2901867316730506,0.4154384341631935,-0.4129897505449603
1790951418.373662,docker.com.,11,6,2,4.5,0.0,2.9139770731827523,0.8181818181818182,1.4344934853342335,0.07,0.6985071861672258,0.2901867316730506,0.4154384341631935,-0.4129897505449603
1790951418.632133,zoom.us.,8,4,2,3.0,0.0,2.5,0.75,1.4344934853342335,0.07,0.6985071861672258,0.2901867316730506,0.4154384341631935,-0.4129897505449603
1790951419.54309,mozilla.org.,12,7,2,5.0,0.0,3.084962500721156,0.8333333333333334,1.4344934853342335,0.07,0.6985071861672258,0.2901867316730506,0.4154384341631935,-0.4129897505449603
1790951420.145528,zoom.us.,8,4,2,3.0,0.0,2.5,0.75,1.4344934853342335,0.07,0.6985071861672258,0.2901867316730506,0.4154384341631935,-0.4129897505449603
1790951420.473281,python.org.,11,6,2,4.5,0.0,3.095795255000934,0.8181818181818182,1.4344934853342335,0.07,0.6985071861672258,0.2901867316730506,0.4154384341631935,-0.4129897505449603
1790951420.825468,zoom.us.,8,4,2,3.0,0.0,2.5,0.75,1.4344934853342335,0.07,0.6985071861672258,0.2901867316730506,0.4154384341631935,-0.4129897505449603
1790951421.410037,github.com.,11,6,2,4.5,0.0,3.277613436819116,0.8181818181818182,1.4344934853342335,0.07,0.6985071861672258,0.2901867316730506,0.4154384341631935,-0.4129897505449603
1790951422.359882,slack.com.,10,5,2,4.0,0.0,2.9219280948873623,0.8,1.4344934853342335,0.07,0.6985071861672258,0.2901867316730506,0.4154384341631935,-0.4129897505449603
1790951423.556875,cloudflare.com.,15,10,2,6.5,0.0,3.3735572622751855,0.8666666666666667,1.4344934853342335,0.07,0.6985071861672258,0.2901867316730506,0.4154384341631935,-0.4129897505449603
1790951424.250306,github.com.,11,6,2,4.5,0.0,3.277613436819116,0.8181818181818182,1.4344934853342335,0.07,0.6985071861672258,0.2901867316730506,0.4154384341631935,-0.4129897505449603
1790951424.949555,w3.org.,7,3,2,2.5,0.14285714285714285,2.5216406363433186,0.5714285714285714,1.4344934853342335,0.07,0.6985071861672258,0.2901867316730506,0.4154384341631935,-0.4129897505449603
1790951425.593562,reddit.com.,11,6,2,4.5,0.0,3.095795255000934,0.8181818181818182,1.4344934853342335,0.07,0.6985071861672258,0.2901867316730506,0.4154384341631935,-0.4129897505449603
1790951425.916621,youtube.com.,12,7,2,5.0,0.0,3.084962500721156,0.8333333333333334,1.4344934853342335,0.07,0.6985071861672258,0.2901867316730506,0.4154384341631935,-0.4129897505449603
1790951426.304367,youtube.com.,12,7,2,5.0,0.0,3.084962500721156,0.8333333333333334,1.4344934853342335,0.07,0.6985071861672258,0.2901867316730506,0.4154384341631935,-0.4129897505449603
1790951427.48741,kernel.org.,11,6,2,4.5,0.0,2.9139770731827523,0.8181818181818182,1.4344934853342335,0.07,0.6985071861672258,0.2901867316730506,0.4154384341631935,-0.4129897505449603
1790951428.357631,intel.com.,10,5,2,4.0,0.0,3.121928094887362,0.8,1.4344934853342335,0.07,0.6985071861672258,0.2901867316730506,0.4154384341631935,-0.4129897505449603
1790951428.76604,example.com.,12,7,2,5.0,0.0,3.084962500721156,0.8333333333333334,1.4344934853342335,0.07,0.6985071861672258,0.2901867316730506,0.4154384341631935,-0.4129897505449603
1790951429.801256,wikipedia.org.,14,9,2,6.0,0.0,3.3248629576173574,0.8571428571428571,1.4344934853342335,0.07,0.6985071861672258,0.2901867316730506,0.4154384341631935,-0.4129897505449603
1790951430.884591,nginx.org.,10,5,2,4.0,0.0,2.721928094887362,0.8,1.4344934853342335,0.07,0.6985071861672258,0.2901867316730506,0.4154384341631935,-0.4129897505449603
1790951431.146741,pypi.org.,9,4,2,3.5,0.0,2.725480556997868,0.7777777777777778,1.4344934853342335,0.07,0.6985071861672258,0.2901867316730506,0.4154384341631935,-0.4129897505449603
1790951432.268624,pypi.org.,9,4,2,3.5,0.0,2.725480556997868,0.7777777777777778,1.4344934853342335,0.07,0.6985071861672258,0.2901867316730506,0.4154384341631935,-0.4129897505449603
1790951432.87538,kernel.org.,11,6,2,4.5,0.0,2.9139770731827523,0.8181818181818182,1.4344934853342335,0.07,0.6985071861672258,0.2901867316730506,0.4154384341631935,-0.4129897505449603
1790951433.519146,slack.com.,10,5,2,4.0,0.0,2.9219280948873623,0.8,1.4344934853342335,0.07,0.6985071861672258,0.2901867316730506,0.4154384341631935,-0.4129897505449603
1790951434.443147,kernel.org.,11,6,2,4.5,0.0,2.9139770731827523,0.8181818181818182,1.4344934853342335,0.07,0.6985071861672258,0.2901867316730506,0.4154384341631935,-0.4129897505449603
1790951434.798218,wikipedia.org.,14,9,2,6.0,0.0,3.3248629576173574,0.8571428571428571,1.4344934853342335,0.07,0.6985071861672258,0.2901867316730506,0.4154384341631935,-0.4129897505449603
1790951435.494714,ibm.com.,8,3,2,3.0,0.0,2.5,0.75,1.4344934853342335,0.07,0.6985071861672258,0.2901867316730506,0.4154384341631935,-0.4129897505449603
1790951436.121065,kernel.org.,11,6,2,4.5,0.0,2.9139770731827523,0.8181818181818182,1.4344934853342335,0.07,0.6985071861672258,0.2901867316730506,0.4154384341631935,-0.4129897505449603
1790951437.232139,nginx.org.,10,5,2,4.0,0.0,2.721928094887362,0.8,1.4344934853342335,0.07,0.6985071861672258,0.2901867316730506,0.4154384341631935,-0.4129897505449603
1790951437.708526,github.com.,11,6,2,4.5,0.0,3.277613436819116,0.8181818181818182,1.4344934853342335,0.07,0.6985071861672258,0.2901867316730506,0.4154384341631935,-0.4129897505449603
1790951438.14303,slack.com.,10,5,2,4.0,0.0,2.9219280948873623,0.8,1.4344934853342335,0.07,0.6985071861672258,0.2901867316730506,0.4154384341631935,-0.4129897505449603
1790951438.455964,stanford.edu.,13,8,2,5.5,0.0,3.392747410448785,0.8461538461538461,1.4344934853342335,0.07,0.6985071861672258,0.2901867316730506,0.4154384341631935,-0.4129897505449603
1790951439.645226,nginx.org.,10,5,2,4.0,0.0,2.721928094887362,0.8,1.4344934853342335,0.07,0.6985071861672258,0.2901867316730506,0.4154384341631935,-0.4129897505449603
1790951440.383461,google.com.,11,6,2,4.5,0.0,2.663532754804255,0.8181818181818182,1.4344934853342335,0.07,0.6985071861672258,0.2901867316730506,0.4154384341631935,-0.4129897505449603
1790951440.78242,w3.org.,7,3,2,2.5,0.14285714285714285,2.5216406363433186,0.5714285714285714,1.4344934853342335,0.07,0.6985071861672258,0.2901867316730506,0.4154384341631935,-0.4129897505449603
1790951441.702709,google.com.,11,6,2,4.5,0.0,2.663532754804255,0.8181818181818182,1.4344934853342335,0.07,0.6985071861672258,0.2901867316730506,0.4154384341631935,-0.4129897505449603
1790951442.036198,mozilla.org.,12,7,2,5.0,0.0,3.084962500721156,0.8333333333333334,1.4344934853342335,0.07,0.6985071861672258,0.2901867316730506,0.4154384341631935,-0.4129897505449603
1790951442.273684,nginx.org.,10,5,2,4.0,0.0,2.721928094887362,0.8,1.4344934853342335,0.07,0.6985071861672258,0.2901867316730506,0.4154384341631935,-0.4129897505449603
1790951443.109757,slack.com.,10,5,2,4.0,0.0,2.9219280948873623,0.8,1.4344934853342335,0.07,0.6985071861672258,0.2901867316730506,0.4154384341631935,-0.4129897505449603
1790951444.183199,reddit.com.,11,6,2,4.5,0.0,3.095795255000934,0.8181818181818182,1.4344934853342335,0.07,0.6985071861672258,0.2901867316730506,0.4154384341631935,-0.4129897505449603
1790951445.083806,mozilla.org.,12,7,2,5.0,0.0,3.084962500721156,0.8333333333333334,1.4344934853342335,0.07,0.6985071861672258,0.2901867316730506,0.4154384341631935,-0.4129897505449603
1790951445.462001,w3.org.,7,3,2,2.5,0.14285714285714285,2.5216406363433186,0.5714285714285714,1.4344934853342335,0.07,0.6985071861672258,0.2901867316730506,0.4154384341631935,-0.4129897505449603
1790951445.918982,w3.org.,7,3,2,2.5,0.14285714285714285,2.5216406363433186,0.5714285714285714,1.4344934853342335,0.07,0.6985071861672258,0.2901867316730506,0.4154384341631935,-0.4129897505449603
1790951446.697981,mozilla.org.,12,7,2,5.0,0.0,3.084962500721156,0.8333333333333334,1.4344934853342335,0.07,0.6985071861672258,0.2901867316730506,0.4154384341631935,-0.4129897505449603
1790951447.499437,debian.org.,11,6,2,4.5,0.0,3.277613436819116,0.8181818181818182,1.4344934853342335,0.07,0.6985071861672258,0.2901867316730506,0.4154384341631935,-0.4129897505449603
1790951448.683504,docker.com.,11,6,2,4.5,0.0,2.9139770731827523,0.8181818181818182,1.4344934853342335,0.07,0.6985071861672258,0.2901867316730506,0.4154384341631935,-0.4129897505449603
1790951448.980337,ubuntu.com.,11,6,2,4.5,0.0,2.8453509366224368,0.8181818181818182,1.4344934853342335,0.07,0.6985071861672258,0.2901867316730506,0.4154384341631935,-0.4129897505449603
1790951449.629268,nvidia.com.,11,6,2,4.5,0.0,3.095795255000934,0.8181818181818182,1.4344934853342335,0.07,0.6985071861672258,0.2901867316730506,0.4154384341631935,-0.4129897505449603
1790951450.062828,slack.com.,10,5,2,4.0,0.0,2.9219280948873623,0.8,1.4344934853342335,0.07,0.6985071861672258,0.2901867316730506,0.4154384341631935,-0.4129897505449603
1790951451.023522,docker.com.,11,6,2,4.5,0.0,2.9139770731827523,0.8181818181818182,1.4344934853342335,0.07,0.6985071861672258,0.2901867316730506,0.4154384341631935,-0.4129897505449603
1790951451.661137,kubernetes.io.,14,10,2,6.0,0.0,3.3248629576173574,0.8571428571428571,1.4344934853342335,0.07,0.6985071861672258,0.2901867316730506,0.4154384341631935,-0.4129897505449603
1790951452.591136,reddit.com.,11,6,2,4.5,0.0,3.095795255000934,0.8181818181818182,1.4344934853342335,0.07,0.6985071861672258,0.2901867316730506,0.4154384341631935,-0.4129897505449603
1790951453.738375,cloudflare.com.,15,10,2,6.5,0.0,3.3735572622751855,0.8666666666666667,1.4344934853342335,0.07,0.6985071861672258,0.2901867316730506,0.4154384341631935,-0.4129897505449603
1790951454.087154,oracle.com.,11,6,2,4.5,0.0,2.9139770731827523,0.8181818181818182,1.4344934853342335,0.07,0.6985071861672258,0.2901867316730506,0.4154384341631935,-0.4129897505449603
1790951454.492654,kubernetes.io.,14,10,2,6.0,0.0,3.3248629576173574,0.8571428571428571,1.4344934853342335,0.07,0.6985071861672258,0.2901867316730506,0.4154384341631935,-0.4129897505449603
1790951455.130508,oracle.com.,11,6,2,4.5,0.0,2.9139770731827523,0.8181818181818182,1.4344934853342335,0.07,0.6985071861672258,0.2901867316730506,0.4154384341631935,-0.4129897505449603
1790951455.473336,adobe.com.,10,5,2,4.0,0.0,2.9219280948873623,0.8,1.4344934853342335,0.07,0.6985071861672258,0.2901867316730506,0.4154384341631935,-0.4129897505449603
1790951455.908401,youtube.com.,12,7,2,5.0,0.0,3.084962500721156,0.8333333333333334,1.4344934853342335,0.07,0.6985071861672258,0.2901867316730506,0.4154384341631935,-0.4129897505449603
1790951457.031017,cloudflare.com.,15,10,2,6.5,0.0,3.3735572622751855,0.8666666666666667,1.4344934853342335,0.07,0.6985071861672258,0.2901867316730506,0.4154384341631935,-0.4129897505449603
1790951457.720575,reddit.com.,11,6,2,4.5,0.0,3.095795255000934,0.8181818181818182,1.4344934853342335,0.07,0.6985071861672258,0.2901867316730506,0.4154384341631935,-0.4129897505449603
1790951458.652769,adobe.com.,10,5,2,4.0,0.0,2.9219280948873623,0.8,1.4344934853342335,0.07,0.6985071861672258,0.2901867316730506,0.4154384341631935,-0.4129897505449603
1790951459.528154,ietf.org.,9,4,2,3.5,0.0,2.94770277922009,0.7777777777777778,1.4344934853342335,0.07,0.6985071861672258,0.2901867316730506,0.4154384341631935,-0.4129897505449603
1790951459.864172,nvidia.com.,11,6,2,4.5,0.0,3.095795255000934,0.8181818181818182,1.4344934853342335,0.07,0.6985071861672258,0.2901867316730506,0.4154384341631935,-0.4129897505449603
1790951460.370925,github.com.,11,6,2,4.5,0.0,3.277613436819116,0.8181818181818182,1.4344934853342335,0.07,0.6985071861672258,0.2901867316730506,0.4154384341631935,-0.4129897505449603
1790951461.479418,pypi.org.,9,4,2,3.5,0.0,2.725480556997868,0.7777777777777778,1.4344934853342335,0.07,0.6985071861672258,0.2901867316730506,0.4154384341631935,-0.4129897505449603
1790951461.739796,w3.org.,7,3,2,2.5,0.14285714285714285,2.5216406363433186,0.5714285714285714,1.4344934853342335,0.07,0.6985071861672258,0.2901867316730506,0.4154384341631935,-0.4129897505449603
1790951462.043555,ibm.com.,8,3,2,3.0,0.0,2.5,0.75,1.4344934853342335,0.07,0.6985071861672258,0.2901867316730506,0.4154384341631935,-0.4129897505449603
1790951462.501746,mozilla.org.,12,7,2,5.0,0.0,3.084962500721156,0.8333333333333334,1.4344934853342335,0.07,0.6985071861672258,0.2901867316730506,0.4154384341631935,-0.4129897505449603
1790951463.450635,kubernetes.io.,14,10,2,6.0,0.0,3.3248629576173574,0.8571428571428571,1.4344934853342335,0.07,0.6985071861672258,0.2901867316730506,0.4154384341631935,-0.4129897505449603
1790951464.555493,discord.com.,12,7,2,5.0,0.0,2.918295834054489,0.8333333333333334,1.4344934853342335,0.07,0.6985071861672258,0.2901867316730506,0.4154384341631935,-0.4129897505449603
1790951464.921784,python.org.,11,6,2,4.5,0.0,3.095795255000934,0.8181818181818182,1.4344934853342335,0.07,0.6985071861672258,0.2901867316730506,0.4154384341631935,-0.4129897505449603
1790951465.378748,cloudflare.com.,15,10,2,6.5,0.0,3.3735572622751855,0.8666666666666667,1.4344934853342335,0.07,0.6985071861672258,0.2901867316730506,0.4154384341631935,-0.4129897505449603
1790951466.070897,github.com.,11,6,2,4.5,0.0,3.277613436819116,0.8181818181818182,1.4344934853342335,0.07,0.6985071861672258,0.2901867316730506,0.4154384341631935,-0.4129897505449603
1790951466.781697,amd.com.,8,3,2,3.0,0.0,2.5,0.75,1.4344934853342335,0.07,0.6985071861672258,0.2901867316730506,0.4154384341631935,-0.4129897505449603
1790951467.067507,nvidia.com.,11,6,2,4.5,0.0,3.095795255000934,0.8181818181818182,1.4344934853342335,0.07,0.6985071861672258,0.2901867316730506,0.4154384341631935,-0.4129897505449603
1790951468.072738,kernel.org.,11,6,2,4.5,0.0,2.9139770731827523,0.8181818181818182,1.4344934853342335,0.07,0.6985071861672258,0.2901867316730506,0.4154384341631935,-0.4129897505449603
1790951469.014906,adobe.com.,10,5,2,4.0,0.0,2.9219280948873623,0.8,1.4344934853342335,0.07,0.6985071861672258,0.2901867316730506,0.4154384341631935,-0.4129897505449603
1790951469.478109,ubuntu.com.,11,6,2,4.5,0.0,2.8453509366224368,0.8181818181818182,1.4344934853342335,0.07,0.6985071861672258,0.2901867316730506,0.4154384341631935,-0.4129897505449603
1790951470.149961,oracle.com.,11,6,2,4.5,0.0,2.9139770731827523,0.8181818181818182,1.4344934853342335,0.07,0.6985071861672258,0.2901867316730506,0.4154384341631935,-0.4129897505449603
1790951471.273601,mozilla.org.,12,7,2,5.0,0.0,3.084962500721156,0.8333333333333334,1.4344934853342335,0.07,0.6985071861672258,0.2901867316730506,0.4154384341631935,-0.4129897505449603
1790951472.205552,linkedin.com.,13,8,2,5.5,0.0,3.238901256602631,0.8461538461538461,1.4344934853342335,0.07,0.6985071861672258,0.2901867316730506,0.4154384341631935,-0.4129897505449603
1790951473.001494,amd.com.,8,3,2,3.0,0.0,2.5,0.75,1.4344934853342335,0.07,0.6985071861672258,0.2901867316730506,0.4154384341631935,-0.4129897505449603
1790951473.40948,reddit.com.,11,6,2,4.5,0.0,3.095795255000934,0.8181818181818182,1.4344934853342335,0.07,0.6985071861672258,0.2901867316730506,0.4154384341631935,-0.4129897505449603
1790951474.100852,apache.org.,11,6,2,4.5,0.0,3.0957952550009344,0.8181818181818182,1.4344934853342335,0.07,0.6985071861672258,0.2901867316730506,0.4154384341631935,-0.4129897505449603
1790951474.440013,nvidia.com.,11,6,2,4.5,0.0,3.095795255000934,0.8181818181818182,1.4344934853342335,0.07,0.6985071861672258,0.2901867316730506,0.4154384341631935,-0.4129897505449603
1790951475.042835,discord.com.,12,7,2,5.0,0.0,2.918295834054489,0.8333333333333334,1.4344934853342335,0.07,0.6985071861672258,0.2901867316730506,0.4154384341631935,-0.4129897505449603
1790951475.391788,google.com.,11,6,2,4.5,0.0,2.663532754804255,0.8181818181818182,1.4344934853342335,0.07,0.6985071861672258,0.2901867316730506,0.4154384341631935,-0.4129897505449603
1790951475.969751,linkedin.com.,13,8,2,5.5,0.0,3.238901256602631,0.8461538461538461,1.4344934853342335,0.07,0.6985071861672258,0.2901867316730506,0.4154384341631935,-0.4129897505449603
1790951476.98847,amd.com.,8,3,2,3.0,0.0,2.5,0.75,1.4344934853342335,0.07,0.6985071861672258,0.2901867316730506,0.4154384341631935,-0.4129897505449603
1790951477.22553,stanford.edu.,13,8,2,5.5,0.0,3.392747410448785,0.8461538461538461,1.4344934853342335,0.07,0.6985071861672258,0.2901867316730506,0.4154384341631935,-0.4129897505449603
1790951478.280886,nginx.org.,10,5,2,4.0,0.0,2.721928094887362,0.8,1.4344934853342335,0.07,0.6985071861672258,0.2901867316730506,0.4154384341631935,-0.4129897505449603
1790951478.695504,stackoverflow.com.,18,13,2,8.0,0.0,3.6835423624332306,0.8888888888888888,1.4344934853342335,0.07,0.6985071861672258,0.2901867316730506,0.4154384341631935,-0.4129897505449603
1790951478.934896,stackoverflow.com.,18,13,2,8.0,0.0,3.6835423624332306,0.8888888888888888,1.4344934853342335,0.07,0.6985071861672258,0.2901867316730506,0.4154384341631935,-0.4129897505449603
1790951479.719398,npmjs.com.,10,5,2,4.0,0.0,2.9219280948873623,0.8,1.4344934853342335,0.07,0.6985071861672258,0.2901867316730506,0.4154384341631935,-0.4129897505449603
1790951480.620823,youtube.com.,12,7,2,5.0,0.0,3.084962500721156,0.8333333333333334,1.4344934853342335,0.07,0.6985071861672258,0.2901867316730506,0.4154384341631935,-0.4129897505449603
1790951481.107541,pypi.org.,9,4,2,3.5,0.0,2.725480556997868,0.7777777777777778,1.4344934853342335,0.07,0.6985071861672258,0.2901867316730506,0.4154384341631935,-0.4129897505449603
1790951481.623891,amd.com.,8,3,2,3.0,0.0,2.5,0.75,1.4344934853342335,0.07,0.6985071861672258,0.2901867316730506,0.4154384341631935,-0.4129897505449603
1790951482.094047,reddit.com.,11,6,2,4.5,0.0,3.095795255000934,0.8181818181818182,1.4344934853342335,0.07,0.6985071861672258,0.2901867316730506,0.4154384341631935,-0.4129897505449603
1790951483.152175,example.com.,12,7,2,5.0,0.0,3.084962500721156,0.8333333333333334,1.4344934853342335,0.07,0.6985071861672258,0.2901867316730506,0.4154384341631935,-0.4129897505449603
1790951484.182759,intel.com.,10,5,2,4.0,0.0,3.121928094887362,0.8,1.4344934853342335,0.07,0.6985071861672258,0.2901867316730506,0.4154384341631935,-0.4129897505449603
1790951485.273082,ietf.org.,9,4,2,3.5,0.0,2.94770277922009,0.7777777777777778,1.4344934853342335,0.07,0.6985071861672258,0.2901867316730506,0.4154384341631935,-0.4129897505449603
1790951486.205922,apache.org.,11,6,2,4.5,0.0,3.0957952550009344,0.8181818181818182,1.4344934853342335,0.07,0.6985071861672258,0.2901867316730506,0.4154384341631935,-0.4129897505449603
1790951487.174214,cloudflare.com.,15,10,2,6.5,0.0,3.3735572622751855,0.8666666666666667,1.4344934853342335,0.07,0.6985071861672258,0.2901867316730506,0.4154384341631935,-0.4129897505449603
1790951487.405991,stanford.edu.,13,8,2,5.5,0.0,3.392747410448785,0.8461538461538461,1.4344934853342335,0.07,0.6985071861672258,0.2901867316730506,0.4154384341631935,-0.4129897505449603
1790951488.26694,nginx.org.,10,5,2,4.0,0.0,2.721928094887362,0.8,1.4344934853342335,0.07,0.6985071861672258,0.2901867316730506,0.4154384341631935,-0.4129897505449603
1790951488.819732,linkedin.com.,13,8,2,5.5,0.0,3.238901256602631,0.8461538461538461,1.4344934853342335,0.07,0.6985071861672258,0.2901867316730506,0.4154384341631935,-0.4129897505449603
1790951489.532298,stanford.edu.,13,8,2,5.5,0.0,3.392747410448785,0.8461538461538461,1.4344934853342335,0.07,0.6985071861672258,0.2901867316730506,0.4154384341631935,-0.4129897505449603
1790951490.598694,mit.edu.,8,3,2,3.0,0.0,2.75,0.75,1.4344934853342335,0.07,0.6985071861672258,0.2901867316730506,0.4154384341631935,-0.4129897505449603
1790951491.035683,gitlab.com.,11,6,2,4.5,0.0,3.277613436819116,0.8181818181818182,1.4344934853342335,0.07,0.6985071861672258,0.2901867316730506,0.4154384341631935,-0.4129897505449603
1790951491.751439,intel.com.,10,5,2,4.0,0.0,3.121928094887362,0.8,1.4344934853342335,0.07,0.6985071861672258,0.2901867316730506,0.4154384341631935,-0.4129897505449603
1790951492.362564,kubernetes.io.,14,10,2,6.0,0.0,3.3248629576173574,0.8571428571428571,1.4344934853342335,0.07,0.6985071861672258,0.2901867316730506,0.4154384341631935,-0.4129897505449603
1790951493.033646,wikipedia.org.,14,9,2,6.0,0.0,3.3248629576173574,0.8571428571428571,1.4344934853342335,0.07,0.6985071861672258,0.2901867316730506,0.4154384341631935,-0.4129897505449603
1790951493.498533,docker.com.,11,6,2,4.5,0.0,2.9139770731827523,0.8181818181818182,1.4344934853342335,0.07,0.6985071861672258,0.2901867316730506,0.4154384341631935,-0.4129897505449603
1790951494.115683,apache.org.,11,6,2,4.5,0.0,3.0957952550009344,0.8181818181818182,1.4344934853342335,0.07,0.6985071861672258,0.2901867316730506,0.4154384341631935,-0.4129897505449603
1790951494.497339,ibm.com.,8,3,2,3.0,0.0,2.5,0.75,1.4344934853342335,0.07,0.6985071861672258,0.2901867316730506,0.4154384341631935,-0.4129897505449603
1790951494.74381,mozilla.org.,12,7,2,5.0,0.0,3.084962500721156,0.8333333333333334,1.4344934853342335,0.07,0.6985071861672258,0.2901867316730506,0.4154384341631935,-0.4129897505449603
1790951494.97283,wikipedia.org.,14,9,2,6.0,0.0,3.3248629576173574,0.8571428571428571,1.4344934853342335,0.07,0.6985071861672258,0.2901867316730506,0.4154384341631935,-0.4129897505449603
1790951495.500479,wikipedia.org.,14,9,2,6.0,0.0,3.3248629576173574,0.8571428571428571,1.4344934853342335,0.07,0.6985071861672258,0.2901867316730506,0.4154384341631935,-0.4129897505449603
1790951496.604428,adobe.com.,10,5,2,4.0,0.0,2.9219280948873623,0.8,1.4344934853342335,0.07,0.6985071861672258,0.2901867316730506,0.4154384341631935,-0.4129897505449603
1790951497.100583,intel.com.,10,5,2,4.0,0.0,3.121928094887362,0.8,1.4344934853342335,0.07,0.6985071861672258,0.2901867316730506,0.4154384341631935,-0.4129897505449603
1790951498.017866,intel.com.,10,5,2,4.0,0.0,3.121928094887362,0.8,1.4344934853342335,0.07,0.6985071861672258,0.2901867316730506,0.4154384341631935,-0.4129897505449603
1790951498.317257,ubuntu.com.,11,6,2,4.5,0.0,2.8453509366224368,0.8181818181818182,1.4344934853342335,0.07,0.6985071861672258,0.2901867316730506,0.4154384341631935,-0.4129897505449603
1790951498.640681,example.com.,12,7,2,5.0,0.0,3.084962500721156,0.8333333333333334,1.4344934853342335,0.07,0.6985071861672258,0.2901867316730506,0.4154384341631935,-0.4129897505449603
1790951499.64076,gitlab.com.,11,6,2,4.5,0.0,3.277613436819116,0.8181818181818182,1.4344934853342335,0.07,0.6985071861672258,0.2901867316730506,0.4154384341631935,-0.4129897505449603
1790951500.395369,python.org.,11,6,2,4.5,0.0,3.095795255000934,0.8181818181818182,1.4344934853342335,0.07,0.6985071861672258,0.2901867316730506,0.4154384341631935,-0.4129897505449603
1790951500.935547,ubuntu.com.,11,6,2,4.5,0.0,2.8453509366224368,0.8181818181818182,1.4344934853342335,0.07,0.6985071861672258,0.2901867316730506,0.4154384341631935,-0.4129897505449603
1790951501.882452,kernel.org.,11,6,2,4.5,0.0,2.9139770731827523,0.8181818181818182,1.4344934853342335,0.07,0.6985071861672258,0.2901867316730506,0.4154384341631935,-0.4129897505449603
1790951502.806743,amd.com.,8,3,2,3.0,0.0,2.5,0.75,1.4344934853342335,0.07,0.6985071861672258,0.2901867316730506,0.4154384341631935,-0.4129897505449603
1790951503.239027,debian.org.,11,6,2,4.5,0.0,3.277613436819116,0.8181818181818182,1.4344934853342335,0.07,0.6985071861672258,0.2901867316730506,0.4154384341631935,-0.4129897505449603
1790951504.264425,mozilla.org.,12,7,2,5.0,0.0,3.084962500721156,0.8333333333333334,1.4344934853342335,0.07,0.6985071861672258,0.2901867316730506,0.4154384341631935,-0.4129897505449603
1790951504.671786,oracle.com.,11,6,2,4.5,0.0,2.9139770731827523,0.8181818181818182,1.4344934853342335,0.07,0.6985071861672258,0.2901867316730506,0.4154384341631935,-0.4129897505449603
1790951505.392947,ubuntu.com.,11,6,2,4.5,0.0,2.8453509366224368,0.8181818181818182,1.4344934853342335,0.07,0.6985071861672258,0.2901867316730506,0.4154384341631935,-0.4129897505449603
1790951506.200957,kernel.org.,11,6,2,4.5,0.0,2.9139770731827523,0.8181818181818182,1.4344934853342335,0.07,0.6985071861672258,0.2901867316730506,0.4154384341631935,-0.4129897505449603
1790951506.484487,nginx.org.,10,5,2,4.0,0.0,2.721928094887362,0.8,1.4344934853342335,0.07,0.6985071861672258,0.2901867316730506,0.4154384341631935,-0.4129897505449603
1790951507.185944,example.com.,12,7,2,5.0,0.0,3.084962500721156,0.8333333333333334,1.4344934853342335,0.07,0.6985071861672258,0.2901867316730506,0.4154384341631935,-0.4129897505449603
1790951508.103272,cloudflare.com.,15,10,2,6.5,0.0,3.3735572622751855,0.8666666666666667,1.4344934853342335,0.07,0.6985071861672258,0.2901867316730506,0.4154384341631935,-0.4129897505449603
1790951508.957082,slack.com.,10,5,2,4.0,0.0,2.9219280948873623,0.8,1.4344934853342335,0.07,0.6985071861672258,0.2901867316730506,0.4154384341631935,-0.4129897505449603
1790951509.202664,mit.edu.,8,3,2,3.0,0.0,2.75,0.75,1.4344934853342335,0.07,0.6985071861672258,0.2901867316730506,0.4154384341631935,-0.4129897505449603
1790951509.957591,example.com.,12,7,2,5.0,0.0,3.084962500721156,0.8333333333333334,1.4344934853342335,0.07,0.6985071861672258,0.2901867316730506,0.4154384341631935,-0.4129897505449603
1790951510.229684,microsoft.com.,14,9,2,6.0,0.0,3.039148671903071,0.8571428571428571,1.4344934853342335,0.07,0.6985071861672258,0.2901867316730506,0.4154384341631935,-0.4129897505449603
1790951510.877831,gitlab.com.,11,6,2,4.5,0.0,3.277613436819116,0.8181818181818182,1.4344934853342335,0.07,0.6985071861672258,0.2901867316730506,0.4154384341631935,-0.4129897505449603
1790951511.600848,microsoft.com.,14,9,2,6.0,0.0,3.039148671903071,0.8571428571428571,1.4344934853342335,0.07,0.6985071861672258,0.2901867316730506,0.4154384341631935,-0.4129897505449603
1790951512.37863,zoom.us.,8,4,2,3.0,0.0,2.5,0.75,1.4344934853342335,0.07,0.6985071861672258,0.2901867316730506,0.4154384341631935,-0.4129897505449603
1790951512.936669,kubernetes.io.,14,10,2,6.0,0.0,3.3248629576173574,0.8571428571428571,1.4344934853342335,0.07,0.6985071861672258,0.2901867316730506,0.4154384341631935,-0.4129897505449603
1790951513.158052,intel.com.,10,5,2,4.0,0.0,3.121928094887362,0.8,1.4344934853342335,0.07,0.6985071861672258,0.2901867316730506,0.4154384341631935,-0.4129897505449603
1790951514.226945,github.com.,11,6,2,4.5,0.0,3.277613436819116,0.8181818181818182,1.4344934853342335,0.07,0.6985071861672258,0.2901867316730506,0.4154384341631935,-0.4129897505449603
1790951515.09805,adobe.com.,10,5,2,4.0,0.0,2.9219280948873623,0.8,1.4344934853342335,0.07,0.6985071861672258,0.2901867316730506,0.4154384341631935,-0.4129897505449603
1790951515.390133,nginx.org.,10,5,2,4.0,0.0,2.721928094887362,0.8,1.4344934853342335,0.07,0.6985071861672258,0.2901867316730506,0.4154384341631935,-0.4129897505449603
1790951515.709154,zoom.us.,8,4,2,3.0,0.0,2.5,0.75,1.4344934853342335,0.07,0.6985071861672258,0.2901867316730506,0.4154384341631935,-0.4129897505449603
1790951516.21914,discord.com.,12,7,2,5.0,0.0,2.918295834054489,0.8333333333333334,1.4344934853342335,0.07,0.6985071861672258,0.2901867316730506,0.4154384341631935,-0.4129897505449603
1790951516.964905,example.com.,12,7,2,5.0,0.0,3.084962500721156,0.8333333333333334,1.4344934853342335,0.07,0.6985071861672258,0.2901867316730506,0.4154384341631935,-0.4129897505449603
1790951517.383622,github.com.,11,6,2,4.5,0.0,3.277613436819116,0.8181818181818182,1.4344934853342335,0.07,0.6985071861672258,0.2901867316730506,0.4154384341631935,-0.4129897505449603
1790951517.921598,example.com.,12,7,2,5.0,0.0,3.084962500721156,0.8333333333333334,1.4344934853342335,0.07,0.6985071861672258,0.2901867316730506,0.4154384341631935,-0.4129897505449603
1790951518.942136,kubernetes.io.,14,10,2,6.0,0.0,3.3248629576173574,0.8571428571428571,1.4344934853342335,0.07,0.6985071861672258,0.2901867316730506,0.4154384341631935,-0.4129897505449603
1790951519.673631,wikipedia.org.,14,9,2,6.0,0.0,3.3248629576173574,0.8571428571428571,1.4344934853342335,0.07,0.6985071861672258,0.2901867316730506,0.4154384341631935,-0.4129897505449603
1790951520.665186,slack.com.,10,5,2,4.0,0.0,2.9219280948873623,0.8,1.4344934853342335,0.07,0.6985071861672258,0.2901867316730506,0.4154384341631935,-0.4129897505449603
1790951521.726551,adobe.com.,10,5,2,4.0,0.0,2.9219280948873623,0.8,1.4344934853342335,0.07,0.6985071861672258,0.2901867316730506,0.4154384341631935,-0.4129897505449603
1790951522.327258,python.org.,11,6,2,4.5,0.0,3.095795255000934,0.8181818181818182,1.4344934853342335,0.07,0.6985071861672258,0.2901867316730506,0.4154384341631935,-0.4129897505449603
1790951523.462132,python.org.,11,6,2,4.5,0.0,3.095795255000934,0.8181818181818182,1.4344934853342335,0.07,0.6985071861672258,0.2901867316730506,0.4154384341631935,-0.4129897505449603
1790951523.97584,youtube.com.,12,7,2,5.0,0.0,3.084962500721156,0.8333333333333334,1.4344934853342335,0.07,0.6985071861672258,0.2901867316730506,0.4154384341631935,-0.4129897505449603
1790951524.983552,linkedin.com.,13,8,2,5.5,0.0,3.238901256602631,0.8461538461538461,1.4344934853342335,0.07,0.6985071861672258,0.2901867316730506,0.4154384341631935,-0.4129897505449603
1790951525.490683,pypi.org.,9,4,2,3.5,0.0,2.725480556997868,0.7777777777777778,1.4344934853342335,0.07,0.6985071861672258,0.2901867316730506,0.4154384341631935,-0.4129897505449603
1790951525.786182,stackoverflow.com.,18,13,2,8.0,0.0,3.6835423624332306,0.8888888888888888,1.4344934853342335,0.07,0.6985071861672258,0.2901867316730506,0.4154384341631935,-0.4129897505449603
1790951526.954906,docker.com.,11,6,2,4.5,0.0,2.9139770731827523,0.8181818181818182,1.4344934853342335,0.07,0.6985071861672258,0.2901867316730506,0.4154384341631935,-0.4129897505449603
1790951527.903008,python.org.,11,6,2,4.5,0.0,3.095795255000934,0.8181818181818182,1.4344934853342335,0.07,0.6985071861672258,0.2901867316730506,0.4154384341631935,-0.4129897505449603
1790951528.273789,nvidia.com.,11,6,2,4.5,0.0,3.095795255000934,0.8181818181818182,1.4344934853342335,0.07,0.6985071861672258,0.2901867316730506,0.4154384341631935,-0.4129897505449603
1790951528.651608,wikipedia.org.,14,9,2,6.0,0.0,3.3248629576173574,0.8571428571428571,1.4344934853342335,0.07,0.6985071861672258,0.2901867316730506,0.4154384341631935,-0.4129897505449603
1790951529.153042,github.com.,11,6,2,4.5,0.0,3.277613436819116,0.8181818181818182,1.4344934853342335,0.07,0.6985071861672258,0.2901867316730506,0.4154384341631935,-0.4129897505449603
1790951529.426345,kubernetes.io.,14,10,2,6.0,0.0,3.3248629576173574,0.8571428571428571,1.4344934853342335,0.07,0.6985071861672258,0.2901867316730506,0.4154384341631935,-0.4129897505449603
1790951529.77543,kernel.org.,11,6,2,4.5,0.0,2.9139770731827523,0.8181818181818182,1.4344934853342335,0.07,0.6985071861672258,0.2901867316730506,0.4154384341631935,-0.4129897505449603
1790951530.027324,nvidia.com.,11,6,2,4.5,0.0,3.095795255000934,0.8181818181818182,1.4344934853342335,0.07,0.6985071861672258,0.2901867316730506,0.4154384341631935,-0.4129897505449603
1790951531.135585,nginx.org.,10,5,2,4.0,0.0,2.721928094887362,0.8,1.4344934853342335,0.07,0.6985071861672258,0.2901867316730506,0.4154384341631935,-0.4129897505449603
1790951531.787563,amd.com.,8,3,2,3.0,0.0,2.5,0.75,1.4344934853342335,0.07,0.6985071861672258,0.2901867316730506,0.4154384341631935,-0.4129897505449603
1790951532.722382,amd.com.,8,3,2,3.0,0.0,2.5,0.75,1.4344934853342335,0.07,0.6985071861672258,0.2901867316730506,0.4154384341631935,-0.4129897505449603
1790951533.889044,zoom.us.,8,4,2,3.0,0.0,2.5,0.75,1.4344934853342335,0.07,0.6985071861672258,0.2901867316730506,0.4154384341631935,-0.4129897505449603
1790951534.436692,debian.org.,11,6,2,4.5,0.0,3.277613436819116,0.8181818181818182,1.4344934853342335,0.07,0.6985071861672258,0.2901867316730506,0.4154384341631935,-0.4129897505449603
1790951535.296852,discord.com.,12,7,2,5.0,0.0,2.918295834054489,0.8333333333333334,1.4344934853342335,0.07,0.6985071861672258,0.2901867316730506,0.4154384341631935,-0.4129897505449603
1790951536.383889,example.com.,12,7,2,5.0,0.0,3.084962500721156,0.8333333333333334,1.4344934853342335,0.07,0.6985071861672258,0.2901867316730506,0.4154384341631935,-0.4129897505449603
1790951536.955932,gitlab.com.,11,6,2,4.5,0.0,3.277613436819116,0.8181818181818182,1.4344934853342335,0.07,0.6985071861672258,0.2901867316730506,0.4154384341631935,-0.4129897505449603
1790951537.754037,linkedin.com.,13,8,2,5.5,0.0,3.238901256602631,0.8461538461538461,1.4344934853342335,0.07,0.6985071861672258,0.2901867316730506,0.4154384341631935,-0.4129897505449603
1790951538.536216,apache.org.,11,6,2,4.5,0.0,3.0957952550009344,0.8181818181818182,1.4344934853342335,0.07,0.6985071861672258,0.2901867316730506,0.4154384341631935,-0.4129897505449603
1790951539.157308,youtube.com.,12,7,2,5.0,0.0,3.084962500721156,0.8333333333333334,1.4344934853342335,0.07,0.6985071861672258,0.2901867316730506,0.4154384341631935,-0.4129897505449603
1790951540.192749,pypi.org.,9,4,2,3.5,0.0,2.725480556997868,0.7777777777777778,1.4344934853342335,0.07,0.6985071861672258,0.2901867316730506,0.4154384341631935,-0.4129897505449603
1790951540.865313,stackoverflow.com.,18,13,2,8.0,0.0,3.6835423624332306,0.8888888888888888,1.4344934853342335,0.07,0.6985071861672258,0.2901867316730506,0.4154384341631935,-0.4129897505449603
1790951541.333784,stackoverflow.com.,18,13,2,8.0,0.0,3.6835423624332306,0.8888888888888888,1.4344934853342335,0.07,0.6985071861672258,0.2901867316730506,0.4154384341631935,-0.4129897505449603
1790951541.556562,zoom.us.,8,4,2,3.0,0.0,2.5,0.75,1.4344934853342335,0.07,0.6985071861672258,0.2901867316730506,0.4154384341631935,-0.4129897505449603
1790951542.160793,intel.com.,10,5,2,4.0,0.0,3.121928094887362,0.8,1.4344934853342335,0.07,0.6985071861672258,0.2901867316730506,0.4154384341631935,-0.4129897505449603
1790951543.214981,example.com.,12,7,2,5.0,0.0,3.084962500721156,0.8333333333333334,1.4344934853342335,0.07,0.6985071861672258,0.2901867316730506,0.4154384341631935,-0.4129897505449603
1790951543.855736,ubuntu.com.,11,6,2,4.5,0.0,2.8453509366224368,0.8181818181818182,1.4344934853342335,0.07,0.6985071861672258,0.2901867316730506,0.4154384341631935,-0.4129897505449603
1790951545.022133,pypi.org.,9,4,2,3.5,0.0,2.725480556997868,0.7777777777777778,1.4344934853342335,0.07,0.6985071861672258,0.2901867316730506,0.4154384341631935,-0.4129897505449603
1790951545.554567,zoom.us.,8,4,2,3.0,0.0,2.5,0.75,1.4344934853342335,0.07,0.6985071861672258,0.2901867316730506,0.4154384341631935,-0.4129897505449603
1790951545.802859,pypi.org.,9,4,2,3.5,0.0,2.725480556997868,0.7777777777777778,1.4344934853342335,0.07,0.6985071861672258,0.2901867316730506,0.4154384341631935,-0.4129897505449603
1790951546.63484,example.com.,12,7,2,5.0,0.0,3.084962500721156,0.8333333333333334,1.4344934853342335,0.07,0.6985071861672258,0.2901867316730506,0.4154384341631935,-0.4129897505449603
1790951547.65298,google.com.,11,6,2,4.5,0.0,2.663532754804255,0.8181818181818182,1.4344934853342335,0.07,0.6985071861672258,0.2901867316730506,0.4154384341631935,-0.4129897505449603
1790951548.524107,mit.edu.,8,3,2,3.0,0.0,2.75,0.75,1.4344934853342335,0.07,0.6985071861672258,0.2901867316730506,0.4154384341631935,-0.4129897505449603
1790951549.67499,oracle.com.,11,6,2,4.5,0.0,2.9139770731827523,0.8181818181818182,1.4344934853342335,0.07,0.6985071861672258,0.2901867316730506,0.4154384341631935,-0.4129897505449603
1790951550.491779,stanford.edu.,13,8,2,5.5,0.0,3.392747410448785,0.8461538461538461,1.4344934853342335,0.07,0.6985071861672258,0.2901867316730506,0.4154384341631935,-0.4129897505449603
1790951551.381507,ibm.com.,8,3,2,3.0,0.0,2.5,0.75,1.4344934853342335,0.07,0.6985071861672258,0.2901867316730506,0.4154384341631935,-0.4129897505449603
1790951552.13502,npmjs.com.,10,5,2,4.0,0.0,2.9219280948873623,0.8,1.4344934853342335,0.07,0.6985071861672258,0.2901867316730506,0.4154384341631935,-0.4129897505449603
1790951552.729409,zoom.us.,8,4,2,3.0,0.0,2.5,0.75,1.4344934853342335,0.07,0.6985071861672258,0.2901867316730506,0.4154384341631935,-0.4129897505449603
1790951553.865874,slack.com.,10,5,2,4.0,0.0,2.9219280948873623,0.8,1.4344934853342335,0.07,0.6985071861672258,0.2901867316730506,0.4154384341631935,-0.4129897505449603
1790951554.700546,debian.org.,11,6,2,4.5,0.0,3.277613436819116,0.8181818181818182,1.4344934853342335,0.07,0.6985071861672258,0.2901867316730506,0.4154384341631935,-0.4129897505449603
1790951554.932085,oracle.com.,11,6,2,4.5,0.0,2.9139770731827523,0.8181818181818182,1.4344934853342335,0.07,0.6985071861672258,0.2901867316730506,0.4154384341631935,-0.4129897505449603
1790951555.514045,youtube.com.,12,7,2,5.0,0.0,3.084962500721156,0.8333333333333334,1.4344934853342335,0.07,0.6985071861672258,0.2901867316730506,0.4154384341631935,-0.4129897505449603
1790951556.551784,adobe.com.,10,5,2,4.0,0.0,2.9219280948873623,0.8,1.4344934853342335,0.07,0.6985071861672258,0.2901867316730506,0.4154384341631935,-0.4129897505449603
1790951556.885265,youtube.com.,12,7,2,5.0,0.0,3.084962500721156,0.8333333333333334,1.4344934853342335,0.07,0.6985071861672258,0.2901867316730506,0.4154384341631935,-0.4129897505449603
1790951557.867295,stackoverflow.com.,18,13,2,8.0,0.0,3.6835423624332306,0.8888888888888888,1.4344934853342335,0.07,0.6985071861672258,0.2901867316730506,0.4154384341631935,-0.4129897505449603
1790951558.660457,debian.org.,11,6,2,4.5,0.0,3.277613436819116,0.8181818181818182,1.4344934853342335,0.07,0.6985071861672258,0.2901867316730506,0.4154384341631935,-0.4129897505449603
1790951559.27666,apache.org.,11,6,2,4.5,0.0,3.0957952550009344,0.8181818181818182,1.4344934853342335,0.07,0.6985071861672258,0.2901867316730506,0.4154384341631935,-0.4129897505449603
1790951559.936855,ietf.org.,9,4,2,3.5,0.0,2.94770277922009,0.7777777777777778,1.4344934853342335,0.07,0.6985071861672258,0.2901867316730506,0.4154384341631935,-0.4129897505449603
1790951560.916489,stackoverflow.com.,18,13,2,8.0,0.0,3.6835423624332306,0.8888888888888888,1.4344934853342335,0.07,0.6985071861672258,0.2901867316730506,0.4154384341631935,-0.4129897505449603
1790951561.714017,cloudflare.com.,15,10,2,6.5,0.0,3.3735572622751855,0.8666666666666667,1.4344934853342335,0.07,0.6985071861672258,0.2901867316730506,0.4154384341631935,-0.4129897505449603
1790951562.146902,example.com.,12,7,2,5.0,0.0,3.084962500721156,0.8333333333333334,1.4344934853342335,0.07,0.6985071861672258,0.2901867316730506,0.4154384341631935,-0.4129897505449603
1790951562.446081,w3.org.,7,3,2,2.5,0.14285714285714285,2.5216406363433186,0.5714285714285714,1.4344934853342335,0.07,0.6985071861672258,0.2901867316730506,0.4154384341631935,-0.4129897505449603
1790951562.920334,google.com.,11,6,2,4.5,0.0,2.663532754804255,0.8181818181818182,1.4344934853342335,0.07,0.6985071861672258,0.2901867316730506,0.4154384341631935,-0.4129897505449603
1790951563.298613,nvidia.com.,11,6,2,4.5,0.0,3.095795255000934,0.8181818181818182,1.4344934853342335,0.07,0.6985071861672258,0.2901867316730506,0.4154384341631935,-0.4129897505449603
1790951564.001111,slack.com.,10,5,2,4.0,0.0,2.9219280948873623,0.8,1.4344934853342335,0.07,0.6985071861672258,0.2901867316730506,0.4154384341631935,-0.4129897505449603
1790951564.647521,discord.com.,12,7,2,5.0,0.0,2.918295834054489,0.8333333333333334,1.4344934853342335,0.07,0.6985071861672258,0.2901867316730506,0.4154384341631935,-0.4129897505449603
1790951565.719438,debian.org.,11,6,2,4.5,0.0,3.277613436819116,0.8181818181818182,1.4344934853342335,0.07,0.6985071861672258,0.2901867316730506,0.4154384341631935,-0.4129897505449603
1790951566.309828,ietf.org.,9,4,2,3.5,0.0,2.94770277922009,0.7777777777777778,1.4344934853342335,0.07,0.6985071861672258,0.2901867316730506,0.4154384341631935,-0.4129897505449603
1790951567.015487,debian.org.,11,6,2,4.5,0.0,3.277613436819116,0.8181818181818182,1.4344934853342335,0.07,0.6985071861672258,0.2901867316730506,0.4154384341631935,-0.4129897505449603
1790951567.308932,kernel.org.,11,6,2,4.5,0.0,2.9139770731827523,0.8181818181818182,1.4344934853342335,0.07,0.6985071861672258,0.2901867316730506,0.4154384341631935,-0.4129897505449603
1790951568.402671,reddit.com.,11,6,2,4.5,0.0,3.095795255000934,0.8181818181818182,1.4344934853342335,0.07,0.6985071861672258,0.2901867316730506,0.4154384341631935,-0.4129897505449603
1790951568.930166,ibm.com.,8,3,2,3.0,0.0,2.5,0.75,1.4344934853342335,0.07,0.6985071861672258,0.2901867316730506,0.4154384341631935,-0.4129897505449603
1790951570.034175,adobe.com.,10,5,2,4.0,0.0,2.9219280948873623,0.8,1.4344934853342335,0.07,0.6985071861672258,0.2901867316730506,0.4154384341631935,-0.4129897505449603
1790951570.441799,stanford.edu.,13,8,2,5.5,0.0,3.392747410448785,0.8461538461538461,1.4344934853342335,0.07,0.6985071861672258,0.2901867316730506,0.4154384341631935,-0.4129897505449603
1790951571.574934,wikipedia.org.,14,9,2,6.0,0.0,3.3248629576173574,0.8571428571428571,1.4344934853342335,0.07,0.6985071861672258,0.2901867316730506,0.4154384341631935,-0.4129897505449603
1790951572.345531,wikipedia.org.,14,9,2,6.0,0.0,3.3248629576173574,0.8571428571428571,1.4344934853342335,0.07,0.6985071861672258,0.2901867316730506,0.4154384341631935,-0.4129897505449603
1790951573.194778,cloudflare.com.,15,10,2,6.5,0.0,3.3735572622751855,0.8666666666666667,1.4344934853342335,0.07,0.6985071861672258,0.2901867316730506,0.4154384341631935,-0.4129897505449603
1790951573.452853,python.org.,11,6,2,4.5,0.0,3.095795255000934,0.8181818181818182,1.4344934853342335,0.07,0.6985071861672258,0.2901867316730506,0.4154384341631935,-0.4129897505449603
1790951573.691826,debian.org.,11,6,2,4.5,0.0,3.277613436819116,0.8181818181818182,1.4344934853342335,0.07,0.6985071861672258,0.2901867316730506,0.4154384341631935,-0.4129897505449603
1790951574.114004,oracle.com.,11,6,2,4.5,0.0,2.9139770731827523,0.8181818181818182,1.4344934853342335,0.07,0.6985071861672258,0.2901867316730506,0.4154384341631935,-0.4129897505449603
1790951574.744138,reddit.com.,11,6,2,4.5,0.0,3.095795255000934,0.8181818181818182,1.4344934853342335,0.07,0.6985071861672258,0.2901867316730506,0.4154384341631935,-0.4129897505449603
1790951574.982138,adobe.com.,10,5,2,4.0,0.0,2.9219280948873623,0.8,1.4344934853342335,0.07,0.6985071861672258,0.2901867316730506,0.4154384341631935,-0.4129897505449603
1790951575.279739,debian.org.,11,6,2,4.5,0.0,3.277613436819116,0.8181818181818182,1.4344934853342335,0.07,0.6985071861672258,0.2901867316730506,0.4154384341631935,-0.4129897505449603
1790951576.371985,ibm.com.,8,3,2,3.0,0.0,2.5,0.75,1.4344934853342335,0.07,0.6985071861672258,0.2901867316730506,0.4154384341631935,-0.4129897505449603
1790951576.882778,stanford.edu.,13,8,2,5.5,0.0,3.392747410448785,0.8461538461538461,1.4344934853342335,0.07,0.6985071861672258,0.2901867316730506,0.4154384341631935,-0.4129897505449603
1790951578.085477,apache.org.,11,6,2,4.5,0.0,3.0957952550009344,0.8181818181818182,1.4344934853342335,0.07,0.6985071861672258,0.2901867316730506,0.4154384341631935,-0.4129897505449603
1790951579.142049,cloudflare.com.,15,10,2,6.5,0.0,3.3735572622751855,0.8666666666666667,1.4344934853342335,0.07,0.6985071861672258,0.2901867316730506,0.4154384341631935,-0.4129897505449603
1790951579.933218,kernel.org.,11,6,2,4.5,0.0,2.9139770731827523,0.8181818181818182,1.4344934853342335,0.07,0.6985071861672258,0.2901867316730506,0.4154384341631935,-0.4129897505449603
1790951580.694657,w3.org.,7,3,2,2.5,0.14285714285714285,2.5216406363433186,0.5714285714285714,1.4344934853342335,0.07,0.6985071861672258,0.2901867316730506,0.4154384341631935,-0.4129897505449603
1790951581.373363,mozilla.org.,12,7,2,5.0,0.0,3.084962500721156,0.8333333333333334,1.4344934853342335,0.07,0.6985071861672258,0.2901867316730506,0.4154384341631935,-0.4129897505449603
1790951582.423656,w3.org.,7,3,2,2.5,0.14285714285714285,2.5216406363433186,0.5714285714285714,1.4344934853342335,0.07,0.6985071861672258,0.2901867316730506,0.4154384341631935,-0.4129897505449603
1790951583.299921,wikipedia.org.,14,9,2,6.0,0.0,3.3248629576173574,0.8571428571428571,1.4344934853342335,0.07,0.6985071861672258,0.2901867316730506,0.4154384341631935,-0.4129897505449603
1790951583.618332,nginx.org.,10,5,2,4.0,0.0,2.721928094887362,0.8,1.4344934853342335,0.07,0.6985071861672258,0.2901867316730506,0.4154384341631935,-0.4129897505449603
1790951584.461686,w3.org.,7,3,2,2.5,0.14285714285714285,2.5216406363433186,0.5714285714285714,1.4344934853342335,0.07,0.6985071861672258,0.2901867316730506,0.4154384341631935,-0.4129897505449603
1790951585.415535,stackoverflow.com.,18,13,2,8.0,0.0,3.6835423624332306,0.8888888888888888,1.4344934853342335,0.07,0.6985071861672258,0.2901867316730506,0.4154384341631935,-0.4129897505449603
1790951586.175135,stackoverflow.com.,18,13,2,8.0,0.0,3.6835423624332306,0.8888888888888888,1.4344934853342335,0.07,0.6985071861672258,0.2901867316730506,0.4154384341631935,-0.4129897505449603
1790951587.104631,apache.org.,11,6,2,4.5,0.0,3.0957952550009344,0.8181818181818182,1.4344934853342335,0.07,0.6985071861672258,0.2901867316730506,0.4154384341631935,-0.4129897505449603
1790951588.288925,pypi.org.,9,4,2,3.5,0.0,2.725480556997868,0.7777777777777778,1.4344934853342335,0.07,0.6985071861672258,0.2901867316730506,0.4154384341631935,-0.4129897505449603
1790951589.440479,zoom.us.,8,4,2,3.0,0.0,2.5,0.75,1.4344934853342335,0.07,0.6985071861672258,0.2901867316730506,0.4154384341631935,-0.4129897505449603
1790951590.163164,slack.com.,10,5,2,4.0,0.0,2.9219280948873623,0.8,1.4344934853342335,0.07,0.6985071861672258,0.2901867316730506,0.4154384341631935,-0.4129897505449603
1790951591.189871,pypi.org.,9,4,2,3.5,0.0,2.725480556997868,0.7777777777777778,1.4344934853342335,0.07,0.6985071861672258,0.2901867316730506,0.4154384341631935,-0.4129897505449603
1790951591.961301,example.com.,12,7,2,5.0,0.0,3.084962500721156,0.8333333333333334,1.4344934853342335,0.07,0.6985071861672258,0.2901867316730506,0.4154384341631935,-0.4129897505449603
1790951593.080985,linkedin.com.,13,8,2,5.5,0.0,3.238901256602631,0.8461538461538461,1.4344934853342335,0.07,0.6985071861672258,0.2901867316730506,0.4154384341631935,-0.4129897505449603
1790951593.525786,docker.com.,11,6,2,4.5,0.0,2.9139770731827523,0.8181818181818182,1.4344934853342335,0.07,0.6985071861672258,0.2901867316730506,0.4154384341631935,-0.4129897505449603
1790951594.687886,stanford.edu.,13,8,2,5.5,0.0,3.392747410448785,0.8461538461538461,1.4344934853342335,0.07,0.6985071861672258,0.2901867316730506,0.4154384341631935,-0.4129897505449603
1790951594.975096,intel.com.,10,5,2,4.0,0.0,3.121928094887362,0.8,1.4344934853342335,0.07,0.6985071861672258,0.2901867316730506,0.4154384341631935,-0.4129897505449603
1790951595.597486,pypi.org.,9,4,2,3.5,0.0,2.725480556997868,0.7777777777777778,1.4344934853342335,0.07,0.6985071861672258,0.2901867316730506,0.4154384341631935,-0.4129897505449603
1790951596.733055,intel.com.,10,5,2,4.0,0.0,3.121928094887362,0.8,1.4344934853342335,0.07,0.6985071861672258,0.2901867316730506,0.4154384341631935,-0.4129897505449603
1790951597.497446,kernel.org.,11,6,2,4.5,0.0,2.9139770731827523,0.8181818181818182,1.4344934853342335,0.07,0.6985071861672258,0.2901867316730506,0.4154384341631935,-0.4129897505449603
1790951598.612239,apache.org.,11,6,2,4.5,0.0,3.0957952550009344,0.8181818181818182,1.4344934853342335,0.07,0.6985071861672258,0.2901867316730506,0.4154384341631935,-0.4129897505449603
1790951599.724599,python.org.,11,6,2,4.5,0.0,3.095795255000934,0.8181818181818182,1.4344934853342335,0.07,0.6985071861672258,0.2901867316730506,0.4154384341631935,-0.4129897505449603
1790951599.933496,stackoverflow.com.,18,13,2,8.0,0.0,3.6835423624332306,0.8888888888888888,1.4344934853342335,0.07,0.6985071861672258,0.2901867316730506,0.4154384341631935,-0.4129897505449603
1790951600.37873,zoom.us.,8,4,2,3.0,0.0,2.5,0.75,1.4344934853342335,0.07,0.6985071861672258,0.2901867316730506,0.4154384341631935,-0.4129897505449603
1790951600.718123,reddit.com.,11,6,2,4.5,0.0,3.095795255000934,0.8181818181818182,1.4344934853342335,0.07,0.6985071861672258,0.2901867316730506,0.4154384341631935,-0.4129897505449603
1790951600.978532,microsoft.com.,14,9,2,6.0,0.0,3.039148671903071,0.8571428571428571,1.4344934853342335,0.07,0.6985071861672258,0.2901867316730506,0.4154384341631935,-0.4129897505449603
1790951601.870442,python.org.,11,6,2,4.5,0.0,3.095795255000934,0.8181818181818182,1.4344934853342335,0.07,0.6985071861672258,0.2901867316730506,0.4154384341631935,-0.4129897505449603
1790951602.107171,gitlab.com.,11,6,2,4.5,0.0,3.277613436819116,0.8181818181818182,1.4344934853342335,0.07,0.6985071861672258,0.2901867316730506,0.4154384341631935,-0.4129897505449603
1790951602.964468,ibm.com.,8,3,2,3.0,0.0,2.5,0.75,1.4344934853342335,0.07,0.6985071861672258,0.2901867316730506,0.4154384341631935,-0.4129897505449603
1790951603.459061,pypi.org.,9,4,2,3.5,0.0,2.725480556997868,0.7777777777777778,1.4344934853342335,0.07,0.6985071861672258,0.2901867316730506,0.4154384341631935,-0.4129897505449603
1790951604.338704,kubernetes.io.,14,10,2,6.0,0.0,3.3248629576173574,0.8571428571428571,1.4344934853342335,0.07,0.6985071861672258,0.2901867316730506,0.4154384341631935,-0.4129897505449603
1790951604.580106,discord.com.,12,7,2,5.0,0.0,2.918295834054489,0.8333333333333334,1.4344934853342335,0.07,0.6985071861672258,0.2901867316730506,0.4154384341631935,-0.4129897505449603
1790951605.33775,wikipedia.org.,14,9,2,6.0,0.0,3.3248629576173574,0.8571428571428571,1.4344934853342335,0.07,0.6985071861672258,0.2901867316730506,0.4154384341631935,-0.4129897505449603
1790951606.536749,kernel.org.,11,6,2,4.5,0.0,2.9139770731827523,0.8181818181818182,1.4344934853342335,0.07,0.6985071861672258,0.2901867316730506,0.4154384341631935,-0.4129897505449603
1790951607.139324,ubuntu.com.,11,6,2,4.5,0.0,2.8453509366224368,0.8181818181818182,1.4344934853342335,0.07,0.6985071861672258,0.2901867316730506,0.4154384341631935,-0.4129897505449603
1790951607.431194,nvidia.com.,11,6,2,4.5,0.0,3.095795255000934,0.8181818181818182,1.4344934853342335,0.07,0.6985071861672258,0.2901867316730506,0.4154384341631935,-0.4129897505449603
1790951607.856821,mit.edu.,8,3,2,3.0,0.0,2.75,0.75,1.4344934853342335,0.07,0.6985071861672258,0.2901867316730506,0.4154384341631935,-0.4129897505449603
1790951608.543161,nvidia.com.,11,6,2,4.5,0.0,3.095795255000934,0.8181818181818182,1.4344934853342335,0.07,0.6985071861672258,0.2901867316730506,0.4154384341631935,-0.4129897505449603
1790951608.917899,ubuntu.com.,11,6,2,4.5,0.0,2.8453509366224368,0.8181818181818182,1.4344934853342335,0.07,0.6985071861672258,0.2901867316730506,0.4154384341631935,-0.4129897505449603
1790951609.289037,slack.com.,10,5,2,4.0,0.0,2.9219280948873623,0.8,1.4344934853342335,0.07,0.6985071861672258,0.2901867316730506,0.4154384341631935,-0.4129897505449603
1790951610.426381,debian.org.,11,6,2,4.5,0.0,3.277613436819116,0.8181818181818182,1.4344934853342335,0.07,0.6985071861672258,0.2901867316730506,0.4154384341631935,-0.4129897505449603
1790951610.773196,youtube.com.,12,7,2,5.0,0.0,3.084962500721156,0.8333333333333334,1.4344934853342335,0.07,0.6985071861672258,0.2901867316730506,0.4154384341631935,-0.4129897505449603
1790951611.522244,google.com.,11,6,2,4.5,0.0,2.663532754804255,0.8181818181818182,1.4344934853342335,0.07,0.6985071861672258,0.2901867316730506,0.4154384341631935,-0.4129897505449603
1790951611.881257,ubuntu.com.,11,6,2,4.5,0.0,2.8453509366224368,0.8181818181818182,1.4344934853342335,0.07,0.6985071861672258,0.2901867316730506,0.4154384341631935,-0.4129897505449603
1790951613.050535,stanford.edu.,13,8,2,5.5,0.0,3.392747410448785,0.8461538461538461,1.4344934853342335,0.07,0.6985071861672258,0.2901867316730506,0.4154384341631935,-0.4129897505449603
1790951613.907915,slack.com.,10,5,2,4.0,0.0,2.9219280948873623,0.8,1.4344934853342335,0.07,0.6985071861672258,0.2901867316730506,0.4154384341631935,-0.4129897505449603
1790951614.305192,kernel.org.,11,6,2,4.5,0.0,2.9139770731827523,0.8181818181818182,1.4344934853342335,0.07,0.6985071861672258,0.2901867316730506,0.4154384341631935,-0.4129897505449603
1790951614.751407,amd.com.,8,3,2,3.0,0.0,2.5,0.75,1.4344934853342335,0.07,0.6985071861672258,0.2901867316730506,0.4154384341631935,-0.4129897505449603
1790951615.9118,python.org.,11,6,2,4.5,0.0,3.095795255000934,0.8181818181818182,1.4344934853342335,0.07,0.6985071861672258,0.2901867316730506,0.4154384341631935,-0.4129897505449603
1790951616.588817,mozilla.org.,12,7,2,5.0,0.0,3.084962500721156,0.8333333333333334,1.4344934853342335,0.07,0.6985071861672258,0.2901867316730506,0.4154384341631935,-0.4129897505449603
1790951617.28792,wikipedia.org.,14,9,2,6.0,0.0,3.3248629576173574,0.8571428571428571,1.4344934853342335,0.07,0.6985071861672258,0.2901867316730506,0.4154384341631935,-0.4129897505449603
1790951617.591674,w3.org.,7,3,2,2.5,0.14285714285714285,2.5216406363433186,0.5714285714285714,1.4344934853342335,0.07,0.6985071861672258,0.2901867316730506,0.4154384341631935,-0.4129897505449603
1790951618.513044,npmjs.com.,10,5,2,4.0,0.0,2.9219280948873623,0.8,1.4344934853342335,0.07,0.6985071861672258,0.2901867316730506,0.4154384341631935,-0.4129897505449603
1790951619.088584,npmjs.com.,10,5,2,4.0,0.0,2.9219280948873623,0.8,1.4344934853342335,0.07,0.6985071861672258,0.2901867316730506,0.4154384341631935,-0.4129897505449603
1790951619.906915,wikipedia.org.,14,9,2,6.0,0.0,3.3248629576173574,0.8571428571428571,1.4344934853342335,0.07,0.6985071861672258,0.2901867316730506,0.4154384341631935,-0.4129897505449603
1790951620.965407,gitlab.com.,11,6,2,4.5,0.0,3.277613436819116,0.8181818181818182,1.4344934853342335,0.07,0.6985071861672258,0.2901867316730506,0.4154384341631935,-0.4129897505449603
1790951621.177307,microsoft.com.,14,9,2,6.0,0.0,3.039148671903071,0.8571428571428571,1.4344934853342335,0.07,0.6985071861672258,0.2901867316730506,0.4154384341631935,-0.4129897505449603
1790951621.613588,gitlab.com.,11,6,2,4.5,0.0,3.277613436819116,0.8181818181818182,1.4344934853342335,0.07,0.6985071861672258,0.2901867316730506,0.4154384341631935,-0.4129897505449603
1790951622.57262,adobe.com.,10,5,2,4.0,0.0,2.9219280948873623,0.8,1.4344934853342335,0.07,0.6985071861672258,0.2901867316730506,0.4154384341631935,-0.4129897505449603
1790951623.495964,w3.org.,7,3,2,2.5,0.14285714285714285,2.5216406363433186,0.5714285714285714,1.4344934853342335,0.07,0.6985071861672258,0.2901867316730506,0.4154384341631935,-0.4129897505449603
1790951624.330819,debian.org.,11,6,2,4.5,0.0,3.277613436819116,0.8181818181818182,1.4344934853342335,0.07,0.6985071861672258,0.2901867316730506,0.4154384341631935,-0.4129897505449603
1790951624.699154,w3.org.,7,3,2,2.5,0.14285714285714285,2.5216406363433186,0.5714285714285714,1.4344934853342335,0.07,0.6985071861672258,0.2901867316730506,0.4154384341631935,-0.4129897505449603
1790951624.986346,w3.org.,7,3,2,2.5,0.14285714285714285,2.5216406363433186,0.5714285714285714,1.4344934853342335,0.07,0.6985071861672258,0.2901867316730506,0.4154384341631935,-0.4129897505449603
1790951625.222684,slack.com.,10,5,2,4.0,0.0,2.9219280948873623,0.8,1.4344934853342335,0.07,0.6985071861672258,0.2901867316730506,0.4154384341631935,-0.4129897505449603
1790951626.249334,cloudflare.com.,15,10,2,6.5,0.0,3.3735572622751855,0.8666666666666667,1.4344934853342335,0.07,0.6985071861672258,0.2901867316730506,0.4154384341631935,-0.4129897505449603
1790951627.291337,stackoverflow.com.,18,13,2,8.0,0.0,3.6835423624332306,0.8888888888888888,1.4344934853342335,0.07,0.6985071861672258,0.2901867316730506,0.4154384341631935,-0.4129897505449603
1790951628.101839,nginx.org.,10,5,2,4.0,0.0,2.721928094887362,0.8,1.4344934853342335,0.07,0.6985071861672258,0.2901867316730506,0.4154384341631935,-0.4129897505449603
1790951628.446879,apache.org.,11,6,2,4.5,0.0,3.0957952550009344,0.8181818181818182,1.4344934853342335,0.07,0.6985071861672258,0.2901867316730506,0.4154384341631935,-0.4129897505449603
1790951629.637484,reddit.com.,11,6,2,4.5,0.0,3.095795255000934,0.8181818181818182,1.4344934853342335,0.07,0.6985071861672258,0.2901867316730506,0.4154384341631935,-0.4129897505449603
1790951630.489679,nvidia.com.,11,6,2,4.5,0.0,3.095795255000934,0.8181818181818182,1.4344934853342335,0.07,0.6985071861672258,0.2901867316730506,0.4154384341631935,-0.4129897505449603
1790951631.024704,gitlab.com.,11,6,2,4.5,0.0,3.277613436819116,0.8181818181818182,1.4344934853342335,0.07,0.6985071861672258,0.2901867316730506,0.4154384341631935,-0.4129897505449603
1790951632.2004,github.com.,11,6,2,4.5,0.0,3.277613436819116,0.8181818181818182,1.4344934853342335,0.07,0.6985071861672258,0.2901867316730506,0.4154384341631935,-0.4129897505449603
1790951632.74176,pypi.org.,9,4,2,3.5,0.0,2.725480556997868,0.7777777777777778,1.4344934853342335,0.07,0.6985071861672258,0.2901867316730506,0.4154384341631935,-0.4129897505449603
1790951633.890908,linkedin.com.,13,8,2,5.5,0.0,3.238901256602631,0.8461538461538461,1.4344934853342335,0.07,0.6985071861672258,0.2901867316730506,0.4154384341631935,-0.4129897505449603
1790951634.924808,youtube.com.,12,7,2,5.0,0.0,3.084962500721156,0.8333333333333334,1.4344934853342335,0.07,0.6985071861672258,0.2901867316730506,0.4154384341631935,-0.4129897505449603
1790951635.370914,mit.edu.,8,3,2,3.0,0.0,2.75,0.75,1.4344934853342335,0.07,0.6985071861672258,0.2901867316730506,0.4154384341631935,-0.4129897505449603
1790951636.106932,zoom.us.,8,4,2,3.0,0.0,2.5,0.75,1.4344934853342335,0.07,0.6985071861672258,0.2901867316730506,0.4154384341631935,-0.4129897505449603
1790951637.011832,mozilla.org.,12,7,2,5.0,0.0,3.084962500721156,0.8333333333333334,1.4344934853342335,0.07,0.6985071861672258,0.2901867316730506,0.4154384341631935,-0.4129897505449603
1790951637.60935,ietf.org.,9,4,2,3.5,0.0,2.94770277922009,0.7777777777777778,1.4344934853342335,0.07,0.6985071861672258,0.2901867316730506,0.4154384341631935,-0.4129897505449603
1790951637.884076,github.com.,11,6,2,4.5,0.0,3.277613436819116,0.8181818181818182,1.4344934853342335,0.07,0.6985071861672258,0.2901867316730506,0.4154384341631935,-0.4129897505449603
1790951638.96664,linkedin.com.,13,8,2,5.5,0.0,3.238901256602631,0.8461538461538461,1.4344934853342335,0.07,0.6985071861672258,0.2901867316730506,0.4154384341631935,-0.4129897505449603
1790951640.085672,slack.com.,10,5,2,4.0,0.0,2.9219280948873623,0.8,1.4344934853342335,0.07,0.6985071861672258,0.2901867316730506,0.4154384341631935,-0.4129897505449603
1790951640.571443,nginx.org.,10,5,2,4.0,0.0,2.721928094887362,0.8,1.4344934853342335,0.07,0.6985071861672258,0.2901867316730506,0.4154384341631935,-0.4129897505449603
1790951641.118436,kernel.org.,11,6,2,4.5,0.0,2.9139770731827523,0.8181818181818182,1.4344934853342335,0.07,0.6985071861672258,0.2901867316730506,0.4154384341631935,-0.4129897505449603
1790951641.623803,apache.org.,11,6,2,4.5,0.0,3.0957952550009344,0.8181818181818182,1.4344934853342335,0.07,0.6985071861672258,0.2901867316730506,0.4154384341631935,-0.4129897505449603
1790951642.744611,w3.org.,7,3,2,2.5,0.14285714285714285,2.5216406363433186,0.5714285714285714,1.4344934853342335,0.07,0.6985071861672258,0.2901867316730506,0.4154384341631935,-0.4129897505449603
1790951643.270286,oracle.com.,11,6,2,4.5,0.0,2.9139770731827523,0.8181818181818182,1.4344934853342335,0.07,0.6985071861672258,0.2901867316730506,0.4154384341631935,-0.4129897505449603
1790951644.092172,gitlab.com.,11,6,2,4.5,0.0,3.277613436819116,0.8181818181818182,1.4344934853342335,0.07,0.6985071861672258,0.2901867316730506,0.4154384341631935,-0.4129897505449603
1790951644.534526,pypi.org.,9,4,2,3.5,0.0,2.725480556997868,0.7777777777777778,1.4344934853342335,0.07,0.6985071861672258,0.2901867316730506,0.4154384341631935,-0.4129897505449603
1790951645.072735,stackoverflow.com.,18,13,2,8.0,0.0,3.6835423624332306,0.8888888888888888,1.4344934853342335,0.07,0.6985071861672258,0.2901867316730506,0.4154384341631935,-0.4129897505449603
1790951646.081157,mit.edu.,8,3,2,3.0,0.0,2.75,0.75,1.4344934853342335,0.07,0.6985071861672258,0.2901867316730506,0.4154384341631935,-0.4129897505449603
1790951646.326226,github.com.,11,6,2,4.5,0.0,3.277613436819116,0.8181818181818182,1.4344934853342335,0.07,0.6985071861672258,0.2901867316730506,0.4154384341631935,-0.4129897505449603
1790951647.531808,stanford.edu.,13,8,2,5.5,0.0,3.392747410448785,0.8461538461538461,1.4344934853342335,0.07,0.6985071861672258,0.2901867316730506,0.4154384341631935,-0.4129897505449603
1790951648.170365,linkedin.com.,13,8,2,5.5,0.0,3.238901256602631,0.8461538461538461,1.4344934853342335,0.07,0.6985071861672258,0.2901867316730506,0.4154384341631935,-0.4129897505449603
1790951648.757419,stackoverflow.com.,18,13,2,8.0,0.0,3.6835423624332306,0.8888888888888888,1.4344934853342335,0.07,0.6985071861672258,0.2901867316730506,0.4154384341631935,-0.4129897505449603
1790951649.350465,kubernetes.io.,14,10,2,6.0,0.0,3.3248629576173574,0.8571428571428571,1.4344934853342335,0.07,0.6985071861672258,0.2901867316730506,0.4154384341631935,-0.4129897505449603
1790951649.71688,mit.edu.,8,3,2,3.0,0.0,2.75,0.75,1.4344934853342335,0.07,0.6985071861672258,0.2901867316730506,0.4154384341631935,-0.4129897505449603
1790951650.575114,mozilla.org.,12,7,2,5.0,0.0,3.084962500721156,0.8333333333333334,1.4344934853342335,0.07,0.6985071861672258,0.2901867316730506,0.4154384341631935,-0.4129897505449603
1790951651.030388,ubuntu.com.,11,6,2,4.5,0.0,2.8453509366224368,0.8181818181818182,1.4344934853342335,0.07,0.6985071861672258,0.2901867316730506,0.4154384341631935,-0.4129897505449603
1790951652.011258,ibm.com.,8,3,2,3.0,0.0,2.5,0.75,1.4344934853342335,0.07,0.6985071861672258,0.2901867316730506,0.4154384341631935,-0.4129897505449603
1790951652.29355,apache.org.,11,6,2,4.5,0.0,3.0957952550009344,0.8181818181818182,1.4344934853342335,0.07,0.6985071861672258,0.2901867316730506,0.4154384341631935,-0.4129897505449603
1790951653.105804,ibm.com.,8,3,2,3.0,0.0,2.5,0.75,1.4344934853342335,0.07,0.6985071861672258,0.2901867316730506,0.4154384341631935,-0.4129897505449603
1790951653.613219,youtube.com.,12,7,2,5.0,0.0,3.084962500721156,0.8333333333333334,1.4344934853342335,0.07,0.6985071861672258,0.2901867316730506,0.4154384341631935,-0.4129897505449603
1790951653.906251,python.org.,11,6,2,4.5,0.0,3.095795255000934,0.8181818181818182,1.4344934853342335,0.07,0.6985071861672258,0.2901867316730506,0.4154384341631935,-0.4129897505449603
1790951654.783328,npmjs.com.,10,5,2,4.0,0.0,2.9219280948873623,0.8,1.4344934853342335,0.07,0.6985071861672258,0.2901867316730506,0.4154384341631935,-0.4129897505449603
1790951655.947873,ubuntu.com.,11,6,2,4.5,0.0,2.8453509366224368,0.8181818181818182,1.4344934853342335,0.07,0.6985071861672258,0.2901867316730506,0.4154384341631935,-0.4129897505449603
1790951656.643854,wikipedia.org.,14,9,2,6.0,0.0,3.3248629576173574,0.8571428571428571,1.4344934853342335,0.07,0.6985071861672258,0.2901867316730506,0.4154384341631935,-0.4129897505449603
1790951657.272962,pypi.org.,9,4,2,3.5,0.0,2.725480556997868,0.7777777777777778,1.4344934853342335,0.07,0.6985071861672258,0.2901867316730506,0.4154384341631935,-0.4129897505449603
1790951658.272707,gitlab.com.,11,6,2,4.5,0.0,3.277613436819116,0.8181818181818182,1.4344934853342335,0.07,0.6985071861672258,0.2901867316730506,0.4154384341631935,-0.4129897505449603
1790951659.325336,docker.com.,11,6,2,4.5,0.0,2.9139770731827523,0.8181818181818182,1.4344934853342335,0.07,0.6985071861672258,0.2901867316730506,0.4154384341631935,-0.4129897505449603
1790951660.370894,mit.edu.,8,3,2,3.0,0.0,2.75,0.75,1.4344934853342335,0.07,0.6985071861672258,0.2901867316730506,0.4154384341631935,-0.4129897505449603
1790951661.210604,microsoft.com.,14,9,2,6.0,0.0,3.039148671903071,0.8571428571428571,1.4344934853342335,0.07,0.6985071861672258,0.2901867316730506,0.4154384341631935,-0.4129897505449603
1790951662.133517,mozilla.org.,12,7,2,5.0,0.0,3.084962500721156,0.8333333333333334,1.4344934853342335,0.07,0.6985071861672258,0.2901867316730506,0.4154384341631935,-0.4129897505449603
1790951663.227755,example.com.,12,7,2,5.0,0.0,3.084962500721156,0.8333333333333334,1.4344934853342335,0.07,0.6985071861672258,0.2901867316730506,0.4154384341631935,-0.4129897505449603
1790951664.042042,ubuntu.com.,11,6,2,4.5,0.0,2.8453509366224368,0.8181818181818182,1.4344934853342335,0.07,0.6985071861672258,0.2901867316730506,0.4154384341631935,-0.4129897505449603
1790951664.697199,w3.org.,7,3,2,2.5,0.14285714285714285,2.5216406363433186,0.5714285714285714,1.4344934853342335,0.07,0.6985071861672258,0.2901867316730506,0.4154384341631935,-0.4129897505449603
1790951665.764242,nginx.org.,10,5,2,4.0,0.0,2.721928094887362,0.8,1.4344934853342335,0.07,0.6985071861672258,0.2901867316730506,0.4154384341631935,-0.4129897505449603
1790951666.14447,ubuntu.com.,11,6,2,4.5,0.0,2.8453509366224368,0.8181818181818182,1.4344934853342335,0.07,0.6985071861672258,0.2901867316730506,0.4154384341631935,-0.4129897505449603
1790951666.624751,cloudflare.com.,15,10,2,6.5,0.0,3.3735572622751855,0.8666666666666667,1.4344934853342335,0.07,0.6985071861672258,0.2901867316730506,0.4154384341631935,-0.4129897505449603
1790951667.392344,youtube.com.,12,7,2,5.0,0.0,3.084962500721156,0.8333333333333334,1.4344934853342335,0.07,0.6985071861672258,0.2901867316730506,0.4154384341631935,-0.4129897505449603
1790951668.276703,google.com.,11,6,2,4.5,0.0,2.663532754804255,0.8181818181818182,1.4344934853342335,0.07,0.6985071861672258,0.2901867316730506,0.4154384341631935,-0.4129897505449603
1790951668.94998,apache.org.,11,6,2,4.5,0.0,3.0957952550009344,0.8181818181818182,1.4344934853342335,0.07,0.6985071861672258,0.2901867316730506,0.4154384341631935,-0.4129897505449603
1790951669.954018,microsoft.com.,14,9,2,6.0,0.0,3.039148671903071,0.8571428571428571,1.4344934853342335,0.07,0.6985071861672258,0.2901867316730506,0.4154384341631935,-0.4129897505449603
1790951670.736212,ietf.org.,9,4,2,3.5,0.0,2.94770277922009,0.7777777777777778,1.4344934853342335,0.07,0.6985071861672258,0.2901867316730506,0.4154384341631935,-0.4129897505449603
1790951671.62932,example.com.,12,7,2,5.0,0.0,3.084962500721156,0.8333333333333334,1.4344934853342335,0.07,0.6985071861672258,0.2901867316730506,0.4154384341631935,-0.4129897505449603
1790951672.612541,mit.edu.,8,3,2,3.0,0.0,2.75,0.75,1.4344934853342335,0.07,0.6985071861672258,0.2901867316730506,0.4154384341631935,-0.4129897505449603
1790951673.524755,w3.org.,7,3,2,2.5,0.14285714285714285,2.5216406363433186,0.5714285714285714,1.4344934853342335,0.07,0.6985071861672258,0.2901867316730506,0.4154384341631935,-0.4129897505449603
1790951673.816634,intel.com.,10,5,2,4.0,0.0,3.121928094887362,0.8,1.4344934853342335,0.07,0.6985071861672258,0.2901867316730506,0.4154384341631935,-0.4129897505449603
1790951674.064967,pypi.org.,9,4,2,3.5,0.0,2.725480556997868,0.7777777777777778,1.4344934853342335,0.07,0.6985071861672258,0.2901867316730506,0.4154384341631935,-0.4129897505449603
1790951675.084074,google.com.,11,6,2,4.5,0.0,2.663532754804255,0.8181818181818182,1.4344934853342335,0.07,0.6985071861672258,0.2901867316730506,0.4154384341631935,-0.4129897505449603
1790951676.063117,reddit.com.,11,6,2,4.5,0.0,3.095795255000934,0.8181818181818182,1.4344934853342335,0.07,0.6985071861672258,0.2901867316730506,0.4154384341631935,-0.4129897505449603
1790951676.722529,kubernetes.io.,14,10,2,6.0,0.0,3.3248629576173574,0.8571428571428571,1.4344934853342335,0.07,0.6985071861672258,0.2901867316730506,0.4154384341631935,-0.4129897505449603
1790951677.88008,nvidia.com.,11,6,2,4.5,0.0,3.095795255000934,0.8181818181818182,1.4344934853342335,0.07,0.6985071861672258,0.2901867316730506,0.4154384341631935,-0.4129897505449603
1790951678.303345,adobe.com.,10,5,2,4.0,0.0,2.9219280948873623,0.8,1.4344934853342335,0.07,0.6985071861672258,0.2901867316730506,0.4154384341631935,-0.4129897505449603
1790951678.861177,adobe.com.,10,5,2,4.0,0.0,2.9219280948873623,0.8,1.4344934853342335,0.07,0.6985071861672258,0.2901867316730506,0.4154384341631935,-0.4129897505449603
1790951679.22663,ibm.com.,8,3,2,3.0,0.0,2.5,0.75,1.4344934853342335,0.07,0.6985071861672258,0.2901867316730506,0.4154384341631935,-0.4129897505449603
1790951679.93046,mozilla.org.,12,7,2,5.0,0.0,3.084962500721156,0.8333333333333334,1.4344934853342335,0.07,0.6985071861672258,0.2901867316730506,0.4154384341631935,-0.4129897505449603
1790951680.630528,oracle.com.,11,6,2,4.5,0.0,2.9139770731827523,0.8181818181818182,1.4344934853342335,0.07,0.6985071861672258,0.2901867316730506,0.4154384341631935,-0.4129897505449603
1790951681.131542,ibm.com.,8,3,2,3.0,0.0,2.5,0.75,1.4344934853342335,0.07,0.6985071861672258,0.2901867316730506,0.4154384341631935,-0.4129897505449603
1790951681.875038,stanford.edu.,13,8,2,5.5,0.0,3.392747410448785,0.8461538461538461,1.4344934853342335,0.07,0.6985071861672258,0.2901867316730506,0.4154384341631935,-0.4129897505449603
1790951682.879607,amd.com.,8,3,2,3.0,0.0,2.5,0.75,1.4344934853342335,0.07,0.6985071861672258,0.2901867316730506,0.4154384341631935,-0.4129897505449603
1790951683.809269,ibm.com.,8,3,2,3.0,0.0,2.5,0.75,1.4344934853342335,0.07,0.6985071861672258,0.2901867316730506,0.4154384341631935,-0.4129897505449603
1790951684.683243,debian.org.,11,6,2,4.5,0.0,3.277613436819116,0.8181818181818182,1.4344934853342335,0.07,0.6985071861672258,0.2901867316730506,0.4154384341631935,-0.4129897505449603
1790951685.712771,nvidia.com.,11,6,2,4.5,0.0,3.095795255000934,0.8181818181818182,1.4344934853342335,0.07,0.6985071861672258,0.2901867316730506,0.4154384341631935,-0.4129897505449603
1790951686.114703,ubuntu.com.,11,6,2,4.5,0.0,2.8453509366224368,0.8181818181818182,1.4344934853342335,0.07,0.6985071861672258,0.2901867316730506,0.4154384341631935,-0.4129897505449603
1790951686.551306,linkedin.com.,13,8,2,5.5,0.0,3.238901256602631,0.8461538461538461,1.4344934853342335,0.07,0.6985071861672258,0.2901867316730506,0.4154384341631935,-0.4129897505449603
1790951687.537252,google.com.,11,6,2,4.5,0.0,2.663532754804255,0.8181818181818182,1.4344934853342335,0.07,0.6985071861672258,0.2901867316730506,0.4154384341631935,-0.4129897505449603
1790951688.162377,ubuntu.com.,11,6,2,4.5,0.0,2.8453509366224368,0.8181818181818182,1.4344934853342335,0.07,0.6985071861672258,0.2901867316730506,0.4154384341631935,-0.4129897505449603
1790951688.627937,npmjs.com.,10,5,2,4.0,0.0,2.9219280948873623,0.8,1.4344934853342335,0.07,0.6985071861672258,0.2901867316730506,0.4154384341631935,-0.4129897505449603
1790951688.890077,nvidia.com.,11,6,2,4.5,0.0,3.095795255000934,0.8181818181818182,1.4344934853342335,0.07,0.6985071861672258,0.2901867316730506,0.4154384341631935,-0.4129897505449603
1790951689.886829,npmjs.com.,10,5,2,4.0,0.0,2.9219280948873623,0.8,1.4344934853342335,0.07,0.6985071861672258,0.2901867316730506,0.4154384341631935,-0.4129897505449603
1790951690.786804,w3.org.,7,3,2,2.5,0.14285714285714285,2.5216406363433186,0.5714285714285714,1.4344934853342335,0.07,0.6985071861672258,0.2901867316730506,0.4154384341631935,-0.4129897505449603
1790951691.379927,adobe.com.,10,5,2,4.0,0.0,2.9219280948873623,0.8,1.4344934853342335,0.07,0.6985071861672258,0.2901867316730506,0.4154384341631935,-0.4129897505449603
1790951692.292117,kubernetes.io.,14,10,2,6.0,0.0,3.3248629576173574,0.8571428571428571,1.4344934853342335,0.07,0.6985071861672258,0.2901867316730506,0.4154384341631935,-0.4129897505449603
1790951692.677346,amd.com.,8,3,2,3.0,0.0,2.5,0.75,1.4344934853342335,0.07,0.6985071861672258,0.2901867316730506,0.4154384341631935,-0.4129897505449603
1790951693.170718,debian.org.,11,6,2,4.5,0.0,3.277613436819116,0.8181818181818182,1.4344934853342335,0.07,0.6985071861672258,0.2901867316730506,0.4154384341631935,-0.4129897505449603
1790951694.17553,example.com.,12,7,2,5.0,0.0,3.084962500721156,0.8333333333333334,1.4344934853342335,0.07,0.6985071861672258,0.2901867316730506,0.4154384341631935,-0.4129897505449603
1790951695.405117,discord.com.,12,7,2,5.0,0.0,2.918295834054489,0.8333333333333334,1.4344934853342335,0.07,0.6985071861672258,0.2901867316730506,0.4154384341631935,-0.4129897505449603
1790951696.493079,stanford.edu.,13,8,2,5.5,0.0,3.392747410448785,0.8461538461538461,1.4344934853342335,0.07,0.6985071861672258,0.2901867316730506,0.4154384341631935,-0.4129897505449603
1790951696.701146,npmjs.com.,10,5,2,4.0,0.0,2.9219280948873623,0.8,1.4344934853342335,0.07,0.6985071861672258,0.2901867316730506,0.4154384341631935,-0.4129897505449603
1790951697.213158,github.com.,11,6,2,4.5,0.0,3.277613436819116,0.8181818181818182,1.4344934853342335,0.07,0.6985071861672258,0.2901867316730506,0.4154384341631935,-0.4129897505449603
1790951697.883354,discord.com.,12,7,2,5.0,0.0,2.918295834054489,0.8333333333333334,1.4344934853342335,0.07,0.6985071861672258,0.2901867316730506,0.4154384341631935,-0.4129897505449603
1790951698.405727,mozilla.org.,12,7,2,5.0,0.0,3.084962500721156,0.8333333333333334,1.4344934853342335,0.07,0.6985071861672258,0.2901867316730506,0.4154384341631935,-0.4129897505449603
1790951698.889511,microsoft.com.,14,9,2,6.0,0.0,3.039148671903071,0.8571428571428571,1.4344934853342335,0.07,0.6985071861672258,0.2901867316730506,0.4154384341631935,-0.4129897505449603
1790951699.502995,adobe.com.,10,5,2,4.0,0.0,2.9219280948873623,0.8,1.4344934853342335,0.07,0.6985071861672258,0.2901867316730506,0.4154384341631935,-0.4129897505449603
1790951700.415585,gitlab.com.,11,6,2,4.5,0.0,3.277613436819116,0.8181818181818182,1.4344934853342335,0.07,0.6985071861672258,0.2901867316730506,0.4154384341631935,-0.4129897505449603
1790951700.91957,ubuntu.com.,11,6,2,4.5,0.0,2.8453509366224368,0.8181818181818182,1.4344934853342335,0.07,0.6985071861672258,0.2901867316730506,0.4154384341631935,-0.4129897505449603
1790951701.556226,microsoft.com.,14,9,2,6.0,0.0,3.039148671903071,0.8571428571428571,1.4344934853342335,0.07,0.6985071861672258,0.2901867316730506,0.4154384341631935,-0.4129897505449603
1790951702.304188,kernel.org.,11,6,2,4.5,0.0,2.9139770731827523,0.8181818181818182,1.4344934853342335,0.07,0.6985071861672258,0.2901867316730506,0.4154384341631935,-0.4129897505449603
1790951703.056827,ietf.org.,9,4,2,3.5,0.0,2.94770277922009,0.7777777777777778,1.4344934853342335,0.07,0.6985071861672258,0.2901867316730506,0.4154384341631935,-0.4129897505449603
1790951703.797173,npmjs.com.,10,5,2,4.0,0.0,2.9219280948873623,0.8,1.4344934853342335,0.07,0.6985071861672258,0.2901867316730506,0.4154384341631935,-0.4129897505449603
1790951704.504798,example.com.,12,7,2,5.0,0.0,3.084962500721156,0.8333333333333334,1.4344934853342335,0.07,0.6985071861672258,0.2901867316730506,0.4154384341631935,-0.4129897505449603
1790951705.143654,npmjs.com.,10,5,2,4.0,0.0,2.9219280948873623,0.8,1.4344934853342335,0.07,0.6985071861672258,0.2901867316730506,0.4154384341631935,-0.4129897505449603
1790951706.059471,youtube.com.,12,7,2,5.0,0.0,3.084962500721156,0.8333333333333334,1.4344934853342335,0.07,0.6985071861672258,0.2901867316730506,0.4154384341631935,-0.4129897505449603
1790951706.368063,ietf.org.,9,4,2,3.5,0.0,2.94770277922009,0.7777777777777778,1.4344934853342335,0.07,0.6985071861672258,0.2901867316730506,0.4154384341631935,-0.4129897505449603
1790951707.202675,debian.org.,11,6,2,4.5,0.0,3.277613436819116,0.8181818181818182,1.4344934853342335,0.07,0.6985071861672258,0.2901867316730506,0.4154384341631935,-0.4129897505449603
1790951707.516389,ibm.com.,8,3,2,3.0,0.0,2.5,0.75,1.4344934853342335,0.07,0.6985071861672258,0.2901867316730506,0.4154384341631935,-0.4129897505449603
