window_id,query_count,average_query_length,average_label_length,average_entropy,query_rate,unique_subdomain_ratio,average_inter_arrival,inter_arrival_std,inter_arrival_cv,burstiness
0,15,11.466666666666667,6.466666666666667,3.0519719933487246,1.5153766706232368,0.7333333333333333,0.7070377894810268,0.23324020835851292,0.3298836523712738,-0.5038909580051328
1,15,11.666666666666666,6.933333333333334,3.0784774489873468,1.5798410520381159,0.7333333333333333,0.6781875746590751,0.31963600431865347,0.4713091425765718,-0.3593336316102673
2,12,10.916666666666666,6.166666666666667,2.9397260538613246,1.3135748016946727,0.9166666666666666,0.8304887468164618,0.2731432780791538,0.3288946167256358,-0.5050102354451188
3,15,11.2,6.2,3.006596749930694,1.6095662552528727,0.6666666666666666,0.6656629187720162,0.3112007050264283,0.467504943193346,-0.36285741951091816
4,13,10.76923076923077,5.923076923076923,2.9172530438607143,1.3228015022589974,0.8461538461538461,0.818968931833903,0.2877400413865967,0.35134426985192885,-0.4800077556988099
5,17,10.647058823529411,5.764705882352941,2.930544411685739,1.702860793661226,0.7647058823529411,0.6239500045776367,0.2823314551677992,0.45249050900947513,-0.376945313993066
6,14,11.071428571428571,6.214285714285714,3.048542786071208,1.5008616498113976,0.8571428571428571,0.7175365411318265,0.29641332655188196,0.41309858043511766,-0.41532942406903073
7,16,10.3125,5.375,2.8676831252508523,1.6165161365414877,0.625,0.6598552544911702,0.294700705392788,0.44661416786025077,-0.3825386508956193
8,16,10.6875,5.875,2.9371786126089208,1.6066792638263006,0.6875,0.6638952096303304,0.2884881250132402,0.4345386452989711,-0.39417645286452463
9,17,11.0,6.117647058823529,3.01020799965491,1.7153333717762638,0.7647058823529411,0.6194131225347519,0.3078811483446929,0.4970529960437177,-0.33595804910409127
10,15,11.266666666666667,6.333333333333333,3.006720812731203,1.5061987400463064,0.9333333333333333,0.711346081324986,0.2726448896412113,0.383280229973813,-0.4458386353413452
11,16,11.6875,6.6875,3.0254505933746456,1.7676973975345063,0.875,0.6034215291341146,0.28067220668615056,0.46513455873691445,-0.3650623337450934
12,15,11.533333333333333,6.6,3.139623155926401,1.5101293386878591,0.8,0.7094945737293789,0.2418377209523375,0.3408591551040969,-0.49158097059398537
13,16,11.0,6.0,3.020381173570441,1.6381549166667644,0.75,0.6511390686035157,0.3036486746691946,0.4663345962643949,-0.36394517669784276
14,16,11.375,6.5,3.0119349254018286,1.6744881215750356,0.875,0.6370105902353923,0.25614218891406876,0.4021003619726596,-0.42643141264590817
15,15,11.333333333333334,6.466666666666667,3.0345817889617157,1.5173736457740432,0.8,0.7061072758265904,0.2805965855220119,0.3973852063675978,-0.43124457800641525
16,16,11.125,6.25,2.991846221788388,1.6316259638268407,0.875,0.6537446022033692,0.3327830629608769,0.5090413929832396,-0.3253446918683783
17,15,11.4,6.533333333333333,3.025200191863734,1.5925307998597884,0.6666666666666666,0.6727835791451591,0.2687275241205924,0.3994264016699671,-0.4291569728950053
18,13,10.384615384615385,5.461538461538462,2.9113505411186202,1.310887705393464,0.9230769230769231,0.8264120022455851,0.2519559879251644,0.3048793909581804,-0.5327087038529964
19,15,11.8,6.866666666666666,3.1052124833835775,1.5915857435217593,0.8,0.6731830665043422,0.22585612415336942,0.3355047614702777,-0.4975611152431754
20,17,11.352941176470589,6.352941176470588,3.0941655535298733,1.7228639598623876,0.5882352941176471,0.6167056858539581,0.3314339065135394,0.5374263836316018,-0.30087529477394487
21,12,11.75,7.0,3.0452404193818414,1.3305017545632165,0.6666666666666666,0.819923075762662,0.19588532133246955,0.23890695008219437,-0.6143262412623576
22,12,10.416666666666666,5.5,2.948899272482814,1.303140844614229,0.75,0.8371382843364369,0.29146382913959484,0.3481668854395132,-0.4834958650894202
23,18,11.333333333333334,6.444444444444445,3.0209947954029603,1.8125205235810093,0.8888888888888888,0.5841718842001522,0.31023241894364467,0.5310635916146748,-0.3062814705761374
24,15,10.8,5.866666666666666,2.954438712237719,1.5632905649095503,0.8666666666666667,0.6853675161089215,0.31160697442114615,0.4546567602010835,-0.37489478942340415
25,15,11.066666666666666,6.266666666666667,3.026825407217769,1.602856082006884,0.8,0.6684496402740479,0.31946453014119874,0.4779186207808058,-0.3532544836219541
26,13,10.692307692307692,5.769230769230769,3.0457955131788266,1.3934808367209894,0.8461538461538461,0.7774296601613363,0.2870208428815035,0.36919204088758256,-0.46071547326808476
27,16,11.4375,6.5625,3.0745968754784885,1.6612661359486278,0.875,0.642080545425415,0.26692061362993447,0.4157120403844105,-0.4127166704444619
28,14,10.5,5.5,2.926148536013822,1.4291868621791612,0.8571428571428571,0.7535215341127836,0.2878483715462392,0.3820041744197259,-0.44717363161349155
29,13,11.461538461538462,6.538461538461538,2.9498495001342793,1.3647422730780459,0.8461538461538461,0.7938006718953451,0.2118018954159455,0.2668200001774117,-0.578756255600567
30,15,10.133333333333333,5.266666666666667,2.881786251670121,1.5785781371408223,0.8666666666666667,0.6787301472255162,0.28391418198720797,0.41830200580861204,-0.41013690441743844
31,14,10.357142857142858,5.428571428571429,2.910179440209067,1.4729261944283198,0.7857142857142857,0.7311453085679275,0.26362907966041577,0.36057002154165246,-0.4699721207540747
32,15,11.666666666666666,6.733333333333333,3.0549647878852055,1.6191519516855988,0.8666666666666667,0.6617220640182495,0.27989678345561897,0.4229823949891744,-0.40549876586155187
33,9,10.222222222222221,5.222222222222222,2.9556419177398983,1.7267177929474824,0.7777777777777778,0.6515251100063324,0.2111016814641251,0.3240115817824325,-0.5105608043907949
